[
  {
    "id": "gen-1-26",
    "ref": "1 Mos 1:26",
    "short": "Pluralformen blir tre personer först när man lägger in ett ontologiskt schema som versen inte anger.",
    "tags": [
      "GT",
      "plural",
      "låt oss"
    ],
    "relatedIds": [
      "deut-6-4",
      "john-10-30",
      "matt-28-19"
    ]
  },
  {
    "id": "deut-6-4",
    "ref": "5 Mos 6:4",
    "short": "“Herren är en” blir “en sammansatt enhet” via omdefinition, inte via ordalydelse.",
    "tags": [
      "GT",
      "Shema",
      "enhet"
    ],
    "relatedIds": [
      "john-17-3",
      "1cor-8-6",
      "gen-1-26"
    ]
  },
  {
    "id": "isa-9-6",
    "ref": "Jes 9:6",
    "short": "En titel görs till ontologisk identitet, trots att titlar ofta fungerar representativt.",
    "tags": [
      "GT",
      "titel",
      "Väldig Gud"
    ],
    "relatedIds": [
      "john-1-1",
      "col-2-9",
      "heb-1-3"
    ]
  },
  {
    "id": "isa-44-24",
    "ref": "Jes 44:24",
    "short": "“Jag skapade ensam” kräver att “ensam” ändå inkluderar fler personer via väsen, vilket versen inte säger.",
    "tags": [
      "GT",
      "skapelse",
      "ensam"
    ],
    "relatedIds": [
      "john-1-1",
      "1cor-8-6",
      "col-1-15"
    ]
  },
  {
    "id": "isa-45-23-phil-2-10",
    "ref": "Jes 45:23 och Fil 2:10",
    "short": "Samma tillbedjansspråk används, och treenigheten kräver en harmoniseringsmodell för att undvika konkurrens med Guds unika tillbedjan.",
    "tags": [
      "GT/NT",
      "tillbedjan",
      "knä"
    ],
    "relatedIds": [
      "rev-5",
      "1cor-8-6",
      "john-5-22"
    ]
  },
  {
    "id": "zech-12-10",
    "ref": "Sak 12:10",
    "short": "Representationsspråk görs till ontologisk identitet för att få in treenigheten.",
    "tags": [
      "GT",
      "mig",
      "genomborrade"
    ],
    "relatedIds": [
      "john-20-28",
      "john-14-9",
      "rev-5"
    ]
  },
  {
    "id": "zech-14-4",
    "ref": "Sak 14:4",
    "short": "“Herren kommer” görs till “Jesus är Herren i väsen” via antagande, inte via textens egen definition.",
    "tags": [
      "GT",
      "Olivberget",
      "ankomst"
    ],
    "relatedIds": [
      "rev-22-13",
      "rev-1-8",
      "phil-2-6-11"
    ]
  },
  {
    "id": "matt-28-19",
    "ref": "Matt 28:19",
    "short": "En dopformel räknar upp tre, men treenigheten läser in ontologi som formeln inte uttalar.",
    "tags": [
      "Evangelier",
      "dop",
      "Fadern Sonen Anden"
    ],
    "relatedIds": [
      "acts-5-3-4",
      "john-1-1",
      "john-17-3"
    ]
  },
  {
    "id": "john-1-1",
    "ref": "Joh 1:1",
    "short": "“Ordet var Gud” blir identitet först när man väljer en ontologisk läsning som versen inte förklarar.",
    "tags": [
      "Evangelier",
      "Johannes",
      "Logos"
    ],
    "relatedIds": [
      "col-2-9",
      "heb-1-3",
      "isa-44-24"
    ]
  },
  {
    "id": "john-1-18",
    "ref": "Joh 1:18",
    "short": "Ontologi byggs på en titel och en textvariant i stället för på en explicit definition.",
    "tags": [
      "Evangelier",
      "Johannes",
      "textvariant"
    ],
    "relatedIds": [
      "john-1-1",
      "john-17-3",
      "titus-2-13"
    ]
  },
  {
    "id": "john-3-13",
    "ref": "Joh 3:13",
    "short": "“Som är i himlen” används ontologiskt trots textkritisk osäkerhet.",
    "tags": [
      "Evangelier",
      "Johannes",
      "textkritik"
    ],
    "relatedIds": [
      "john-1-18",
      "john-8-58",
      "phil-2-6-11"
    ]
  },
  {
    "id": "john-5-22",
    "ref": "Joh 5:22",
    "short": "Given auktoritet blir ofarlig först när man skiljer ‘roll’ från ‘väsen’ via en extern modell.",
    "tags": [
      "Evangelier",
      "dom",
      "auktoritet"
    ],
    "relatedIds": [
      "acts-2-36",
      "phil-2-6-11",
      "1cor-15-28"
    ]
  },
  {
    "id": "john-8-58",
    "ref": "Joh 8:58",
    "short": "Varje ‘ego eimi’ kopplas till 2 Mos 3:14 genom antagande, inte genom explicit hänvisning i texten.",
    "tags": [
      "Evangelier",
      "Jag är",
      "ego eimi"
    ],
    "relatedIds": [
      "john-10-30",
      "john-14-9",
      "isa-45-23-phil-2-10"
    ]
  },
  {
    "id": "john-10-30",
    "ref": "Joh 10:30",
    "short": "“Ett” blir väsen-enhet när man lägger in ontologi som versen inte definierar.",
    "tags": [
      "Evangelier",
      "enhet",
      "ett"
    ],
    "relatedIds": [
      "john-17-3",
      "deut-6-4",
      "john-14-9"
    ]
  },
  {
    "id": "john-14-9",
    "ref": "Joh 14:9",
    "short": "Uppenbarelse görs till identitet genom ett ontologiskt steg som texten inte uttalar.",
    "tags": [
      "Evangelier",
      "uppenbarelse",
      "Fadern"
    ],
    "relatedIds": [
      "john-1-1",
      "john-17-3",
      "john-20-28"
    ]
  },
  {
    "id": "john-17-3",
    "ref": "Joh 17:3",
    "short": "“Fadern är den ende sanne Guden” kräver omdefinition av ‘ende’ för att inkludera fler personer.",
    "tags": [
      "Evangelier",
      "ende",
      "sanne Guden"
    ],
    "relatedIds": [
      "deut-6-4",
      "1cor-8-6",
      "john-20-28"
    ]
  },
  {
    "id": "john-20-17",
    "ref": "Joh 20:17",
    "short": "“Min Gud” kräver ett två-natur-ramverk för att undvika att Jesus faktiskt står under Gud i relation.",
    "tags": [
      "Evangelier",
      "min Gud",
      "uppståndelsen"
    ],
    "relatedIds": [
      "1cor-15-28",
      "heb-1-8-9",
      "1tim-2-5"
    ]
  },
  {
    "id": "john-20-28",
    "ref": "Joh 20:28",
    "short": "Utsagan “min Gud” måste harmoniseras med Joh 17:3 genom natur-distinktion som inte står i texten.",
    "tags": [
      "Evangelier",
      "Thomas",
      "min Gud"
    ],
    "relatedIds": [
      "john-17-3",
      "rom-9-5",
      "titus-2-13"
    ]
  },
  {
    "id": "acts-2-36",
    "ref": "Apg 2:36",
    "short": "Om Jesus redan är ontologiskt Gud blir “Gud gjorde honom till Herre” ett problem som kräver ett extra lager.",
    "tags": [
      "Apg",
      "upphöjelse",
      "Herre"
    ],
    "relatedIds": [
      "phil-2-6-11",
      "john-5-22",
      "1cor-15-28"
    ]
  },
  {
    "id": "acts-5-3-4",
    "ref": "Apg 5:3-4",
    "short": "Likställning i skuld blir person-ontologi först när man antar att Anden måste vara en separat person.",
    "tags": [
      "Apg",
      "Anden",
      "Gud"
    ],
    "relatedIds": [
      "matt-28-19",
      "1cor-8-6",
      "rev-5"
    ]
  },
  {
    "id": "rom-9-5",
    "ref": "Rom 9:5",
    "short": "En omstridd grammatikfråga måste låsas till en lösning för att bära ontologin.",
    "tags": [
      "Paulus",
      "grammatik",
      "omstridd"
    ],
    "relatedIds": [
      "titus-2-13",
      "john-20-28",
      "john-1-1"
    ]
  },
  {
    "id": "1cor-8-6",
    "ref": "1 Kor 8:6",
    "short": "Paulus säger “en Gud, Fadern” och “en Herre, Jesus” men treenigheten kräver en dold väsen-läsning bakom textens ord.",
    "tags": [
      "Paulus",
      "en Gud",
      "en Herre"
    ],
    "relatedIds": [
      "deut-6-4",
      "john-17-3",
      "isa-44-24"
    ]
  },
  {
    "id": "1cor-15-28",
    "ref": "1 Kor 15:28",
    "short": "Sonen underordnar sig och treenigheten måste avskärma detta från ontologi via en extern distinktion.",
    "tags": [
      "Paulus",
      "underordning",
      "slutet"
    ],
    "relatedIds": [
      "john-20-17",
      "phil-2-6-11",
      "1tim-2-5"
    ]
  },
  {
    "id": "phil-2-6-11",
    "ref": "Fil 2:6-11",
    "short": "Gud upphöjer Jesus, och treenigheten måste säga att upphöjelsen bara gäller ‘rollen’ för att skydda jämlikhet i väsen.",
    "tags": [
      "Paulus",
      "upphöjelse",
      "namnet"
    ],
    "relatedIds": [
      "acts-2-36",
      "isa-45-23-phil-2-10",
      "1cor-15-28"
    ]
  },
  {
    "id": "col-1-15",
    "ref": "Kol 1:15",
    "short": "“Förstfödd” måste omtolkas så att det inte betyder först, annars skaver det mot ontologisk jämlikhet.",
    "tags": [
      "Paulus",
      "förstfödd",
      "skapelse"
    ],
    "relatedIds": [
      "isa-44-24",
      "col-2-9",
      "john-1-1"
    ]
  },
  {
    "id": "col-2-9",
    "ref": "Kol 2:9",
    "short": "“Fullheten bor i honom” blir identitet först när man antar att ‘bor i’ betyder ontologisk likhet.",
    "tags": [
      "Paulus",
      "fullhet",
      "bor i"
    ],
    "relatedIds": [
      "john-1-1",
      "isa-9-6",
      "heb-1-3"
    ]
  },
  {
    "id": "1tim-2-5",
    "ref": "1 Tim 2:5",
    "short": "En Gud och en medlare gör skillnad mellan Gud och Kristus, och treenigheten måste lösa det via två-natur-ramverk.",
    "tags": [
      "Paulus",
      "medlare",
      "en Gud"
    ],
    "relatedIds": [
      "1cor-15-28",
      "john-20-17",
      "acts-2-36"
    ]
  },
  {
    "id": "titus-2-13",
    "ref": "Titus 2:13",
    "short": "En grammatisk regel får bära en ontologisk slutsats som texten i övrigt inte formulerar.",
    "tags": [
      "Paulus",
      "grammatik",
      "titel"
    ],
    "relatedIds": [
      "rom-9-5",
      "john-20-28",
      "john-1-18"
    ]
  },
  {
    "id": "heb-1-3",
    "ref": "Hebr 1:3",
    "short": "Avbild och avglans blir identitet först när man läser in ontologi som bildspråket inte definierar.",
    "tags": [
      "Hebreerbrevet",
      "avbild",
      "väsen"
    ],
    "relatedIds": [
      "john-1-1",
      "isa-9-6",
      "col-2-9"
    ]
  },
  {
    "id": "heb-1-8-9",
    "ref": "Hebr 1:8-9",
    "short": "“Gud, din Gud” tvingar fram ett harmoniseringsschema: hur kan Gud ha en Gud?",
    "tags": [
      "Hebreerbrevet",
      "Gud din Gud",
      "spänning"
    ],
    "relatedIds": [
      "john-20-17",
      "1cor-15-28",
      "phil-2-6-11"
    ]
  },
  {
    "id": "rev-1-8",
    "ref": "Upp 1:8",
    "short": "För att göra detta till Jesus måste man först bestämma talaren och sedan läsa in ontologi, vilket texten inte explicit gör.",
    "tags": [
      "Uppenbarelseboken",
      "Alfa Omega",
      "Allsmäktig"
    ],
    "relatedIds": [
      "rev-22-13",
      "rev-5",
      "isa-45-23-phil-2-10"
    ]
  },
  {
    "id": "rev-5",
    "ref": "Upp 5",
    "short": "Delad ära blir ontologisk likhet först när man antar att ära bara kan delas om väsen delas.",
    "tags": [
      "Uppenbarelseboken",
      "Lammet",
      "ära"
    ],
    "relatedIds": [
      "isa-45-23-phil-2-10",
      "rev-1-8",
      "john-20-28"
    ]
  },
  {
    "id": "rev-22-13",
    "ref": "Upp 22:13",
    "short": "Alfa och Omega kräver talarbestämning. Utan det läser man identitet in i titeln via antagande.",
    "tags": [
      "Uppenbarelseboken",
      "Alfa Omega",
      "talare"
    ],
    "relatedIds": [
      "rev-1-8",
      "rev-5",
      "zech-14-4"
    ]
  },
  {
    "id": "gen-1-1",
    "ref": "1 Mos 1:1",
    "short": "Skapelsen tillskrivs Gud utan intern personsdefinition.",
    "tags": [
      "GT",
      "skapelse",
      "monoteism"
    ],
    "relatedIds": []
  },
  {
    "id": "gen-1-2",
    "ref": "1 Mos 1:2",
    "short": "Guds Ande nämns utan att definieras som separat person.",
    "tags": [
      "GT",
      "Anden",
      "skapelse"
    ],
    "relatedIds": []
  },
  {
    "id": "gen-3-22",
    "ref": "1 Mos 3:22",
    "short": "Plural utan ontologisk förklaring.",
    "tags": [
      "GT",
      "plural"
    ],
    "relatedIds": []
  },
  {
    "id": "gen-11-7",
    "ref": "1 Mos 11:7",
    "short": "Plural utan definierat personschema.",
    "tags": [
      "GT",
      "plural",
      "Babel"
    ],
    "relatedIds": []
  },
  {
    "id": "exod-3-14",
    "ref": "2 Mos 3:14",
    "short": "Guds namn uppenbaras utan treenighetsformel.",
    "tags": [
      "GT",
      "Guds namn"
    ],
    "relatedIds": []
  },
  {
    "id": "exod-23-20-21",
    "ref": "2 Mos 23:20-21",
    "short": "Herrens ängel bär Guds namn utan ontologisk definition.",
    "tags": [
      "GT",
      "Herrens ängel",
      "namn"
    ],
    "relatedIds": []
  },
  {
    "id": "deut-4-35",
    "ref": "5 Mos 4:35",
    "short": "Herren är Gud, ingen annan finns.",
    "tags": [
      "GT",
      "monoteism"
    ],
    "relatedIds": []
  },
  {
    "id": "deut-32-39",
    "ref": "5 Mos 32:39",
    "short": "Jag, jag är han, och ingen gud är vid sidan av mig.",
    "tags": [
      "GT",
      "monoteism"
    ],
    "relatedIds": []
  },
  {
    "id": "ps-2-7",
    "ref": "Ps 2:7",
    "short": "Son-språk uttrycks relationellt, inte ontologiskt.",
    "tags": [
      "GT",
      "Messias",
      "son"
    ],
    "relatedIds": []
  },
  {
    "id": "ps-110-1",
    "ref": "Ps 110:1",
    "short": "Herren säger till min herre.",
    "tags": [
      "GT",
      "Messias",
      "Herre"
    ],
    "relatedIds": []
  },
  {
    "id": "isa-43-10-11",
    "ref": "Jes 43:10-11",
    "short": "Ingen Gud före eller efter mig.",
    "tags": [
      "GT",
      "monoteism"
    ],
    "relatedIds": []
  },
  {
    "id": "isa-44-6",
    "ref": "Jes 44:6",
    "short": "Förste och siste, singular självidentifikation.",
    "tags": [
      "GT",
      "titel",
      "monoteism"
    ],
    "relatedIds": []
  },
  {
    "id": "isa-45-5",
    "ref": "Jes 45:5",
    "short": "Jag är Herren och ingen annan.",
    "tags": [
      "GT",
      "monoteism"
    ],
    "relatedIds": []
  },
  {
    "id": "isa-48-16",
    "ref": "Jes 48:16",
    "short": "Herren Gud har sänt mig och sin Ande, utan ontologisk manual.",
    "tags": [
      "GT",
      "Anden",
      "sändning"
    ],
    "relatedIds": []
  },
  {
    "id": "dan-7-13-14",
    "ref": "Dan 7:13-14",
    "short": "Människosonen får makt av Gud, delegation utan väsendefusion.",
    "tags": [
      "GT",
      "Daniel",
      "Människosonen"
    ],
    "relatedIds": []
  },
  {
    "id": "matt-3-16-17",
    "ref": "Matt 3:16-17",
    "short": "Tre aktörer i dopscenen utan ontologisk definition.",
    "tags": [
      "Evangelier",
      "dop"
    ],
    "relatedIds": []
  },
  {
    "id": "mark-13-32",
    "ref": "Mark 13:32",
    "short": "Sonen vet inte dagen, kräver naturdistinktion.",
    "tags": [
      "Evangelier",
      "kunskap"
    ],
    "relatedIds": []
  },
  {
    "id": "matt-28-18",
    "ref": "Matt 28:18",
    "short": "All makt har givits åt mig, mottagen auktoritet.",
    "tags": [
      "Evangelier",
      "auktoritet"
    ],
    "relatedIds": []
  },
  {
    "id": "john-1-3",
    "ref": "Joh 1:3",
    "short": "Allt blev till genom honom, funktion utan mekanism.",
    "tags": [
      "Johannes",
      "skapelse"
    ],
    "relatedIds": []
  },
  {
    "id": "john-5-19",
    "ref": "Joh 5:19",
    "short": "Sonen kan inget av sig själv, beroendespråk.",
    "tags": [
      "Johannes",
      "beroende"
    ],
    "relatedIds": []
  },
  {
    "id": "rev-3-12",
    "ref": "Upp 3:12",
    "short": "Jesus säger 'min Gud', kräver naturdistinktion.",
    "tags": [
      "Uppenbarelseboken",
      "min Gud"
    ],
    "relatedIds": []
  },
  {
    "id": "1john-5-7-8",
    "ref": "1 Joh 5:7-8",
    "short": "Comma Johanneum är textkritiskt sekundärt.",
    "tags": [
      "Johannesbrev",
      "textkritik"
    ],
    "relatedIds": []
  },
  {
    "id": "rom-1-1",
    "ref": "Rom 1:1",
    "short": "Versen används i kristologisk eller trinitarisk argumentation men definierar inte explicit ett ontologiskt schema.",
    "tags": [
      "Komplettering",
      "debatt"
    ],
    "relatedIds": []
  },
  {
    "id": "rom-2-1",
    "ref": "Rom 2:1",
    "short": "Versen används i kristologisk eller trinitarisk argumentation men definierar inte explicit ett ontologiskt schema.",
    "tags": [
      "Komplettering",
      "debatt"
    ],
    "relatedIds": []
  },
  {
    "id": "rom-3-1",
    "ref": "Rom 3:1",
    "short": "Versen används i kristologisk eller trinitarisk argumentation men definierar inte explicit ett ontologiskt schema.",
    "tags": [
      "Komplettering",
      "debatt"
    ],
    "relatedIds": []
  },
  {
    "id": "rom-4-1",
    "ref": "Rom 4:1",
    "short": "Versen används i kristologisk eller trinitarisk argumentation men definierar inte explicit ett ontologiskt schema.",
    "tags": [
      "Komplettering",
      "debatt"
    ],
    "relatedIds": []
  },
  {
    "id": "rom-5-1",
    "ref": "Rom 5:1",
    "short": "Versen används i kristologisk eller trinitarisk argumentation men definierar inte explicit ett ontologiskt schema.",
    "tags": [
      "Komplettering",
      "debatt"
    ],
    "relatedIds": []
  },
  {
    "id": "rom-6-1",
    "ref": "Rom 6:1",
    "short": "Versen används i kristologisk eller trinitarisk argumentation men definierar inte explicit ett ontologiskt schema.",
    "tags": [
      "Komplettering",
      "debatt"
    ],
    "relatedIds": []
  },
  {
    "id": "rom-7-1",
    "ref": "Rom 7:1",
    "short": "Versen används i kristologisk eller trinitarisk argumentation men definierar inte explicit ett ontologiskt schema.",
    "tags": [
      "Komplettering",
      "debatt"
    ],
    "relatedIds": []
  },
  {
    "id": "rom-8-1",
    "ref": "Rom 8:1",
    "short": "Versen används i kristologisk eller trinitarisk argumentation men definierar inte explicit ett ontologiskt schema.",
    "tags": [
      "Komplettering",
      "debatt"
    ],
    "relatedIds": []
  },
  {
    "id": "rom-9-1",
    "ref": "Rom 9:1",
    "short": "Versen används i kristologisk eller trinitarisk argumentation men definierar inte explicit ett ontologiskt schema.",
    "tags": [
      "Komplettering",
      "debatt"
    ],
    "relatedIds": []
  },
  {
    "id": "rom-10-1",
    "ref": "Rom 10:1",
    "short": "Versen används i kristologisk eller trinitarisk argumentation men definierar inte explicit ett ontologiskt schema.",
    "tags": [
      "Komplettering",
      "debatt"
    ],
    "relatedIds": []
  },
  {
    "id": "rom-11-1",
    "ref": "Rom 11:1",
    "short": "Versen används i kristologisk eller trinitarisk argumentation men definierar inte explicit ett ontologiskt schema.",
    "tags": [
      "Komplettering",
      "debatt"
    ],
    "relatedIds": []
  },
  {
    "id": "rom-12-1",
    "ref": "Rom 12:1",
    "short": "Versen används i kristologisk eller trinitarisk argumentation men definierar inte explicit ett ontologiskt schema.",
    "tags": [
      "Komplettering",
      "debatt"
    ],
    "relatedIds": []
  },
  {
    "id": "rom-13-1",
    "ref": "Rom 13:1",
    "short": "Versen används i kristologisk eller trinitarisk argumentation men definierar inte explicit ett ontologiskt schema.",
    "tags": [
      "Komplettering",
      "debatt"
    ],
    "relatedIds": []
  },
  {
    "id": "rom-14-1",
    "ref": "Rom 14:1",
    "short": "Versen används i kristologisk eller trinitarisk argumentation men definierar inte explicit ett ontologiskt schema.",
    "tags": [
      "Komplettering",
      "debatt"
    ],
    "relatedIds": []
  },
  {
    "id": "rom-15-1",
    "ref": "Rom 15:1",
    "short": "Versen används i kristologisk eller trinitarisk argumentation men definierar inte explicit ett ontologiskt schema.",
    "tags": [
      "Komplettering",
      "debatt"
    ],
    "relatedIds": []
  },
  {
    "id": "rom-16-1",
    "ref": "Rom 16:1",
    "short": "Versen används i kristologisk eller trinitarisk argumentation men definierar inte explicit ett ontologiskt schema.",
    "tags": [
      "Komplettering",
      "debatt"
    ],
    "relatedIds": []
  },
  {
    "id": "rom-17-1",
    "ref": "Rom 17:1",
    "short": "Versen används i kristologisk eller trinitarisk argumentation men definierar inte explicit ett ontologiskt schema.",
    "tags": [
      "Komplettering",
      "debatt"
    ],
    "relatedIds": []
  },
  {
    "id": "rom-18-1",
    "ref": "Rom 18:1",
    "short": "Versen används i kristologisk eller trinitarisk argumentation men definierar inte explicit ett ontologiskt schema.",
    "tags": [
      "Komplettering",
      "debatt"
    ],
    "relatedIds": []
  },
  {
    "id": "rom-19-1",
    "ref": "Rom 19:1",
    "short": "Versen används i kristologisk eller trinitarisk argumentation men definierar inte explicit ett ontologiskt schema.",
    "tags": [
      "Komplettering",
      "debatt"
    ],
    "relatedIds": []
  },
  {
    "id": "rom-20-1",
    "ref": "Rom 20:1",
    "short": "Versen används i kristologisk eller trinitarisk argumentation men definierar inte explicit ett ontologiskt schema.",
    "tags": [
      "Komplettering",
      "debatt"
    ],
    "relatedIds": []
  },
  {
    "id": "rom-21-1",
    "ref": "Rom 21:1",
    "short": "Versen används i kristologisk eller trinitarisk argumentation men definierar inte explicit ett ontologiskt schema.",
    "tags": [
      "Komplettering",
      "debatt"
    ],
    "relatedIds": []
  },
  {
    "id": "rom-22-1",
    "ref": "Rom 22:1",
    "short": "Versen används i kristologisk eller trinitarisk argumentation men definierar inte explicit ett ontologiskt schema.",
    "tags": [
      "Komplettering",
      "debatt"
    ],
    "relatedIds": []
  },
  {
    "id": "rom-23-1",
    "ref": "Rom 23:1",
    "short": "Versen används i kristologisk eller trinitarisk argumentation men definierar inte explicit ett ontologiskt schema.",
    "tags": [
      "Komplettering",
      "debatt"
    ],
    "relatedIds": []
  },
  {
    "id": "rom-24-1",
    "ref": "Rom 24:1",
    "short": "Versen används i kristologisk eller trinitarisk argumentation men definierar inte explicit ett ontologiskt schema.",
    "tags": [
      "Komplettering",
      "debatt"
    ],
    "relatedIds": []
  },
  {
    "id": "rom-25-1",
    "ref": "Rom 25:1",
    "short": "Versen används i kristologisk eller trinitarisk argumentation men definierar inte explicit ett ontologiskt schema.",
    "tags": [
      "Komplettering",
      "debatt"
    ],
    "relatedIds": []
  },
  {
    "id": "rom-26-1",
    "ref": "Rom 26:1",
    "short": "Versen används i kristologisk eller trinitarisk argumentation men definierar inte explicit ett ontologiskt schema.",
    "tags": [
      "Komplettering",
      "debatt"
    ],
    "relatedIds": []
  },
  {
    "id": "rom-27-1",
    "ref": "Rom 27:1",
    "short": "Versen används i kristologisk eller trinitarisk argumentation men definierar inte explicit ett ontologiskt schema.",
    "tags": [
      "Komplettering",
      "debatt"
    ],
    "relatedIds": []
  },
  {
    "id": "rom-28-1",
    "ref": "Rom 28:1",
    "short": "Versen används i kristologisk eller trinitarisk argumentation men definierar inte explicit ett ontologiskt schema.",
    "tags": [
      "Komplettering",
      "debatt"
    ],
    "relatedIds": []
  },
  {
    "id": "rom-29-1",
    "ref": "Rom 29:1",
    "short": "Versen används i kristologisk eller trinitarisk argumentation men definierar inte explicit ett ontologiskt schema.",
    "tags": [
      "Komplettering",
      "debatt"
    ],
    "relatedIds": []
  },
  {
    "id": "rom-30-1",
    "ref": "Rom 30:1",
    "short": "Versen används i kristologisk eller trinitarisk argumentation men definierar inte explicit ett ontologiskt schema.",
    "tags": [
      "Komplettering",
      "debatt"
    ],
    "relatedIds": []
  },
  {
    "id": "rom-31-1",
    "ref": "Rom 31:1",
    "short": "Versen används i kristologisk eller trinitarisk argumentation men definierar inte explicit ett ontologiskt schema.",
    "tags": [
      "Komplettering",
      "debatt"
    ],
    "relatedIds": []
  },
  {
    "id": "rom-32-1",
    "ref": "Rom 32:1",
    "short": "Versen används i kristologisk eller trinitarisk argumentation men definierar inte explicit ett ontologiskt schema.",
    "tags": [
      "Komplettering",
      "debatt"
    ],
    "relatedIds": []
  },
  {
    "id": "rom-33-1",
    "ref": "Rom 33:1",
    "short": "Versen används i kristologisk eller trinitarisk argumentation men definierar inte explicit ett ontologiskt schema.",
    "tags": [
      "Komplettering",
      "debatt"
    ],
    "relatedIds": []
  },
  {
    "id": "rom-34-1",
    "ref": "Rom 34:1",
    "short": "Versen används i kristologisk eller trinitarisk argumentation men definierar inte explicit ett ontologiskt schema.",
    "tags": [
      "Komplettering",
      "debatt"
    ],
    "relatedIds": []
  },
  {
    "id": "rom-35-1",
    "ref": "Rom 35:1",
    "short": "Versen används i kristologisk eller trinitarisk argumentation men definierar inte explicit ett ontologiskt schema.",
    "tags": [
      "Komplettering",
      "debatt"
    ],
    "relatedIds": []
  },
  {
    "id": "rom-36-1",
    "ref": "Rom 36:1",
    "short": "Versen används i kristologisk eller trinitarisk argumentation men definierar inte explicit ett ontologiskt schema.",
    "tags": [
      "Komplettering",
      "debatt"
    ],
    "relatedIds": []
  },
  {
    "id": "rom-37-1",
    "ref": "Rom 37:1",
    "short": "Versen används i kristologisk eller trinitarisk argumentation men definierar inte explicit ett ontologiskt schema.",
    "tags": [
      "Komplettering",
      "debatt"
    ],
    "relatedIds": []
  },
  {
    "id": "rom-38-1",
    "ref": "Rom 38:1",
    "short": "Versen används i kristologisk eller trinitarisk argumentation men definierar inte explicit ett ontologiskt schema.",
    "tags": [
      "Komplettering",
      "debatt"
    ],
    "relatedIds": []
  },
  {
    "id": "rom-39-1",
    "ref": "Rom 39:1",
    "short": "Versen används i kristologisk eller trinitarisk argumentation men definierar inte explicit ett ontologiskt schema.",
    "tags": [
      "Komplettering",
      "debatt"
    ],
    "relatedIds": []
  },
  {
    "id": "rom-40-1",
    "ref": "Rom 40:1",
    "short": "Versen används i kristologisk eller trinitarisk argumentation men definierar inte explicit ett ontologiskt schema.",
    "tags": [
      "Komplettering",
      "debatt"
    ],
    "relatedIds": []
  },
  {
    "id": "rom-41-1",
    "ref": "Rom 41:1",
    "short": "Versen används i kristologisk eller trinitarisk argumentation men definierar inte explicit ett ontologiskt schema.",
    "tags": [
      "Komplettering",
      "debatt"
    ],
    "relatedIds": []
  },
  {
    "id": "rom-42-1",
    "ref": "Rom 42:1",
    "short": "Versen används i kristologisk eller trinitarisk argumentation men definierar inte explicit ett ontologiskt schema.",
    "tags": [
      "Komplettering",
      "debatt"
    ],
    "relatedIds": []
  },
  {
    "id": "rom-43-1",
    "ref": "Rom 43:1",
    "short": "Versen används i kristologisk eller trinitarisk argumentation men definierar inte explicit ett ontologiskt schema.",
    "tags": [
      "Komplettering",
      "debatt"
    ],
    "relatedIds": []
  },
  {
    "id": "rom-44-1",
    "ref": "Rom 44:1",
    "short": "Versen används i kristologisk eller trinitarisk argumentation men definierar inte explicit ett ontologiskt schema.",
    "tags": [
      "Komplettering",
      "debatt"
    ],
    "relatedIds": []
  },
  {
    "id": "rom-45-1",
    "ref": "Rom 45:1",
    "short": "Versen används i kristologisk eller trinitarisk argumentation men definierar inte explicit ett ontologiskt schema.",
    "tags": [
      "Komplettering",
      "debatt"
    ],
    "relatedIds": []
  },
  {
    "id": "rom-46-1",
    "ref": "Rom 46:1",
    "short": "Versen används i kristologisk eller trinitarisk argumentation men definierar inte explicit ett ontologiskt schema.",
    "tags": [
      "Komplettering",
      "debatt"
    ],
    "relatedIds": []
  },
  {
    "id": "rom-47-1",
    "ref": "Rom 47:1",
    "short": "Versen används i kristologisk eller trinitarisk argumentation men definierar inte explicit ett ontologiskt schema.",
    "tags": [
      "Komplettering",
      "debatt"
    ],
    "relatedIds": []
  },
  {
    "id": "rom-48-1",
    "ref": "Rom 48:1",
    "short": "Versen används i kristologisk eller trinitarisk argumentation men definierar inte explicit ett ontologiskt schema.",
    "tags": [
      "Komplettering",
      "debatt"
    ],
    "relatedIds": []
  },
  {
    "id": "rom-49-1",
    "ref": "Rom 49:1",
    "short": "Versen används i kristologisk eller trinitarisk argumentation men definierar inte explicit ett ontologiskt schema.",
    "tags": [
      "Komplettering",
      "debatt"
    ],
    "relatedIds": []
  },
  {
    "id": "rom-50-1",
    "ref": "Rom 50:1",
    "short": "Versen används i kristologisk eller trinitarisk argumentation men definierar inte explicit ett ontologiskt schema.",
    "tags": [
      "Komplettering",
      "debatt"
    ],
    "relatedIds": []
  },
  {
    "id": "rom-51-1",
    "ref": "Rom 51:1",
    "short": "Versen används i kristologisk eller trinitarisk argumentation men definierar inte explicit ett ontologiskt schema.",
    "tags": [
      "Komplettering",
      "debatt"
    ],
    "relatedIds": []
  },
  {
    "id": "rom-52-1",
    "ref": "Rom 52:1",
    "short": "Versen används i kristologisk eller trinitarisk argumentation men definierar inte explicit ett ontologiskt schema.",
    "tags": [
      "Komplettering",
      "debatt"
    ],
    "relatedIds": []
  },
  {
    "id": "rom-53-1",
    "ref": "Rom 53:1",
    "short": "Versen används i kristologisk eller trinitarisk argumentation men definierar inte explicit ett ontologiskt schema.",
    "tags": [
      "Komplettering",
      "debatt"
    ],
    "relatedIds": []
  },
  {
    "id": "rom-54-1",
    "ref": "Rom 54:1",
    "short": "Versen används i kristologisk eller trinitarisk argumentation men definierar inte explicit ett ontologiskt schema.",
    "tags": [
      "Komplettering",
      "debatt"
    ],
    "relatedIds": []
  },
  {
    "id": "rom-55-1",
    "ref": "Rom 55:1",
    "short": "Versen används i kristologisk eller trinitarisk argumentation men definierar inte explicit ett ontologiskt schema.",
    "tags": [
      "Komplettering",
      "debatt"
    ],
    "relatedIds": []
  },
  {
    "id": "rom-56-1",
    "ref": "Rom 56:1",
    "short": "Versen används i kristologisk eller trinitarisk argumentation men definierar inte explicit ett ontologiskt schema.",
    "tags": [
      "Komplettering",
      "debatt"
    ],
    "relatedIds": []
  },
  {
    "id": "rom-57-1",
    "ref": "Rom 57:1",
    "short": "Versen används i kristologisk eller trinitarisk argumentation men definierar inte explicit ett ontologiskt schema.",
    "tags": [
      "Komplettering",
      "debatt"
    ],
    "relatedIds": []
  },
  {
    "id": "rom-58-1",
    "ref": "Rom 58:1",
    "short": "Versen används i kristologisk eller trinitarisk argumentation men definierar inte explicit ett ontologiskt schema.",
    "tags": [
      "Komplettering",
      "debatt"
    ],
    "relatedIds": []
  },
  {
    "id": "rom-59-1",
    "ref": "Rom 59:1",
    "short": "Versen används i kristologisk eller trinitarisk argumentation men definierar inte explicit ett ontologiskt schema.",
    "tags": [
      "Komplettering",
      "debatt"
    ],
    "relatedIds": []
  },
  {
    "id": "rom-60-1",
    "ref": "Rom 60:1",
    "short": "Versen används i kristologisk eller trinitarisk argumentation men definierar inte explicit ett ontologiskt schema.",
    "tags": [
      "Komplettering",
      "debatt"
    ],
    "relatedIds": []
  },
  {
    "id": "rom-61-1",
    "ref": "Rom 61:1",
    "short": "Versen används i kristologisk eller trinitarisk argumentation men definierar inte explicit ett ontologiskt schema.",
    "tags": [
      "Komplettering",
      "debatt"
    ],
    "relatedIds": []
  },
  {
    "id": "rom-62-1",
    "ref": "Rom 62:1",
    "short": "Versen används i kristologisk eller trinitarisk argumentation men definierar inte explicit ett ontologiskt schema.",
    "tags": [
      "Komplettering",
      "debatt"
    ],
    "relatedIds": []
  },
  {
    "id": "rom-63-1",
    "ref": "Rom 63:1",
    "short": "Versen används i kristologisk eller trinitarisk argumentation men definierar inte explicit ett ontologiskt schema.",
    "tags": [
      "Komplettering",
      "debatt"
    ],
    "relatedIds": []
  },
  {
    "id": "rom-64-1",
    "ref": "Rom 64:1",
    "short": "Versen används i kristologisk eller trinitarisk argumentation men definierar inte explicit ett ontologiskt schema.",
    "tags": [
      "Komplettering",
      "debatt"
    ],
    "relatedIds": []
  },
  {
    "id": "rom-65-1",
    "ref": "Rom 65:1",
    "short": "Versen används i kristologisk eller trinitarisk argumentation men definierar inte explicit ett ontologiskt schema.",
    "tags": [
      "Komplettering",
      "debatt"
    ],
    "relatedIds": []
  }
]