{
  "id": "1cor-8-6",
  "ref": "1 Kor 8:6",
  "short": "Paulus säger “en Gud, Fadern” och “en Herre, Jesus” men treenigheten kräver en dold väsen-läsning bakom textens ord.",
  "tags": [
    "Paulus",
    "en Gud",
    "en Herre"
  ],
  "expanded": {
    "logic": [
      "Versen särskiljer tydligt: en Gud, Fadern, och en Herre, Jesus Kristus.",
      "Treenighetsläsning måste säga att detta ändå innebär tre personer i ett väsen.",
      "Men versen formulerar inte det. Den använder två titlar på ett sätt som naturligt läses relationellt.",
      "Läs versen i sitt sammanhang. Den säger något konkret om Fadern, Sonen eller Anden, men formulerar inte en treenig gudom.",
      "Versen skiljer mellan ”en Gud, Fadern, från vilken allting är” och ”en Herre, Jesus Kristus, genom vilken allting är”. Det gör rollerna olika."
    ],
    "why": [
      "När en nytestamentlig nyckelvers inte säger ‘en Gud i tre personer’ utan kräver bakgrundssystem, blir systemet avgörande.",
      "Versen används ofta i treenighetsdebatten. Här hjälper den oss att hålla oss till det som faktiskt står i texten, inte senare tolkningar.",
      "Den här versen hjälper oss att bygga en helhetsbild där bibeltexter tolkas med bibeltexter (jämför gärna parallellställen)."
    ],
    "notes": [
      "Fråga: Var i 1 Kor 8:6 står person-väsen-schemat uttryckligen?",
      "Tumregel: om tolkningen kräver ord som inte finns i texten (t.ex. ”tre personer i ett väsen”), kontrollera om sammanhanget verkligen stödjer det.",
      "Om du vill göra sidan ännu tydligare kan du länka till ett par parallellställen i samma tema (monoteism, Sonens underordning, Andens funktion).",
      "För treenighetsfrågor är det extra viktigt att skilja på: vad texten säger, och vad en senare teologisk modell vill att texten ska säga."
    ]
  },
  "relatedIds": [
    "deut-6-4",
    "john-17-3",
    "isa-44-24"
  ]
}