{
  "id": "1cor-15-28",
  "ref": "1 Kor 15:28",
  "short": "Sonen underordnar sig och treenigheten måste avskärma detta från ontologi via en extern distinktion.",
  "tags": [
    "Paulus",
    "underordning",
    "slutet"
  ],
  "expanded": {
    "logic": [
      "Texten säger att Sonen till sist ska underordna sig den som lagt allt under honom.",
      "Treenighetsläsning måste säga: detta är funktionellt, inte ontologiskt.",
      "Men versen ger en faktisk relationell ordning. Att säga ‘ingen ontologisk konsekvens’ kräver natur-person-ramverket.",
      "Läs versen i sitt sammanhang. Den säger något konkret om Fadern, Sonen eller Anden, men formulerar inte en treenig gudom."
    ],
    "why": [
      "Om en text tydligt visar riktning och underordning, är det modellen som måste jobba hårt för att neutralisera det.",
      "Versen används ofta i treenighetsdebatten. Här hjälper den oss att hålla oss till det som faktiskt står i texten, inte senare tolkningar.",
      "Den här versen hjälper oss att bygga en helhetsbild där bibeltexter tolkas med bibeltexter (jämför gärna parallellställen)."
    ],
    "notes": [
      "Fråga: Var i versen står att underordningen inte rör verklig status utan bara ‘ekonomi’?",
      "Tumregel: om tolkningen kräver ord som inte finns i texten (t.ex. ”tre personer i ett väsen”), kontrollera om sammanhanget verkligen stödjer det.",
      "Om du vill göra sidan ännu tydligare kan du länka till ett par parallellställen i samma tema (monoteism, Sonens underordning, Andens funktion).",
      "För treenighetsfrågor är det extra viktigt att skilja på: vad texten säger, och vad en senare teologisk modell vill att texten ska säga."
    ]
  },
  "relatedIds": [
    "john-20-17",
    "phil-2-6-11",
    "1tim-2-5"
  ]
}