{
  "id": "1tim-2-5",
  "ref": "1 Tim 2:5",
  "short": "En Gud och en medlare gör skillnad mellan Gud och Kristus, och treenigheten måste lösa det via två-natur-ramverk.",
  "tags": [
    "Paulus",
    "medlare",
    "en Gud"
  ],
  "expanded": {
    "logic": [
      "Versen säger: en Gud och en medlare mellan Gud och människor, människan Kristus Jesus.",
      "Treenighetsläsning måste säga att medlarrollen gäller hans mänskliga natur.",
      "Men texten själv driver distinktion: Gud å ena sidan, medlaren å andra sidan. Natur-distinktionen är inte uttalad här.",
      "Läs versen i sitt sammanhang. Den säger något konkret om Fadern, Sonen eller Anden, men formulerar inte en treenig gudom.",
      "En medlare är en separat part mellan två andra. Här står Gud på ena sidan och människor på den andra, med Jesus som medlare."
    ],
    "why": [
      "När en klar distinktion måste omklassas som ‘bara roll’ för att skydda ontologi, är det systemet som gör jobbet.",
      "Versen används ofta i treenighetsdebatten. Här hjälper den oss att hålla oss till det som faktiskt står i texten, inte senare tolkningar.",
      "Den här versen hjälper oss att bygga en helhetsbild där bibeltexter tolkas med bibeltexter (jämför gärna parallellställen)."
    ],
    "notes": [
      "Fråga: Var i versen står två-natur-nyckeln som gör att Gud ändå medlar mellan Gud och människor?",
      "Tumregel: om tolkningen kräver ord som inte finns i texten (t.ex. ”tre personer i ett väsen”), kontrollera om sammanhanget verkligen stödjer det.",
      "Om du vill göra sidan ännu tydligare kan du länka till ett par parallellställen i samma tema (monoteism, Sonens underordning, Andens funktion).",
      "För treenighetsfrågor är det extra viktigt att skilja på: vad texten säger, och vad en senare teologisk modell vill att texten ska säga."
    ]
  },
  "relatedIds": [
    "1cor-15-28",
    "john-20-17",
    "acts-2-36"
  ]
}