{
  "id": "acts-5-3-4",
  "ref": "Apg 5:3-4",
  "short": "Likställning i skuld blir person-ontologi först när man antar att Anden måste vara en separat person.",
  "tags": [
    "Apg",
    "Anden",
    "Gud"
  ],
  "expanded": {
    "logic": [
      "Texten säger att Ananias ljög för den helige Anden och att han ljög för Gud.",
      "Treenighetsläsning gör detta till en definition: Anden är en gudomlig person.",
      "Men texten definierar inte personstatus. Den kan också uttrycka att Anden är Guds närvaro och att bedraga Anden är att bedraga Gud.",
      "Läs versen i sitt sammanhang. Den säger något konkret om Fadern, Sonen eller Anden, men formulerar inte en treenig gudom.",
      "Helig ande beskrivs ofta som Guds verksamma kraft som verkar, leder och ger styrka, inte som en separat gudomlig person."
    ],
    "why": [
      "Likställning i ansvar är inte automatiskt en teknisk ontologisk sats. Det steget måste läggas till.",
      "Versen används ofta i treenighetsdebatten. Här hjälper den oss att hålla oss till det som faktiskt står i texten, inte senare tolkningar.",
      "Den här versen hjälper oss att bygga en helhetsbild där bibeltexter tolkas med bibeltexter (jämför gärna parallellställen)."
    ],
    "notes": [
      "Fråga: Var i versen definieras att Anden är en separat person och inte Guds verksamma närvaro?",
      "Tumregel: om tolkningen kräver ord som inte finns i texten (t.ex. ”tre personer i ett väsen”), kontrollera om sammanhanget verkligen stödjer det.",
      "I bibeln kan Anden personifieras (tala, vittna), men det sker även med opersonliga saker som vishet, synd och död. Det i sig gör inte Anden till en person.",
      "För treenighetsfrågor är det extra viktigt att skilja på: vad texten säger, och vad en senare teologisk modell vill att texten ska säga."
    ]
  },
  "relatedIds": [
    "matt-28-19",
    "1cor-8-6",
    "rev-5"
  ]
}