{
  "id": "acts-2-36",
  "ref": "Apg 2:36",
  "short": "Om Jesus redan är ontologiskt Gud blir “Gud gjorde honom till Herre” ett problem som kräver ett extra lager.",
  "tags": [
    "Apg",
    "upphöjelse",
    "Herre"
  ],
  "expanded": {
    "logic": [
      "Petrus säger att Gud gjorde Jesus till Herre och Messias.",
      "Treenighetsläsning måste säga att detta gäller hans mänskliga roll eller ekonomi, inte hans väsen.",
      "Men versen beskriver en faktisk utnämning och upphöjelse. Ontologin måste skyddas med ett externt schema.",
      "Läs versen i sitt sammanhang. Den säger något konkret om Fadern, Sonen eller Anden, men formulerar inte en treenig gudom.",
      "När Gud upphöjer Jesus eller ger honom auktoritet framstår Gud som den som ger, och Jesus som den som tar emot."
    ],
    "why": [
      "När texten talar om att Gud gör något med Jesus, är det relationellt språk. Att göra det ontologiskt neutralt kräver modell.",
      "Versen används ofta i treenighetsdebatten. Här hjälper den oss att hålla oss till det som faktiskt står i texten, inte senare tolkningar.",
      "Den här versen hjälper oss att bygga en helhetsbild där bibeltexter tolkas med bibeltexter (jämför gärna parallellställen)."
    ],
    "notes": [
      "Fråga: Var i versen står att ‘gjorde’ inte är en verklig upphöjelse utan bara rollbeskrivning?",
      "Tumregel: om tolkningen kräver ord som inte finns i texten (t.ex. ”tre personer i ett väsen”), kontrollera om sammanhanget verkligen stödjer det.",
      "Om Jesus redan vore identisk med den Allsmäktige blir upphöjelse, mottagen makt och mottagen uppenbarelse svårare att förstå.",
      "För treenighetsfrågor är det extra viktigt att skilja på: vad texten säger, och vad en senare teologisk modell vill att texten ska säga."
    ]
  },
  "relatedIds": [
    "phil-2-6-11",
    "john-5-22",
    "1cor-15-28"
  ]
}