{
  "id": "col-1-15",
  "ref": "Kol 1:15",
  "short": "“Förstfödd” måste omtolkas så att det inte betyder först, annars skaver det mot ontologisk jämlikhet.",
  "tags": [
    "Paulus",
    "förstfödd",
    "skapelse"
  ],
  "expanded": {
    "logic": [
      "Jesus kallas den förstfödde före allt skapat.",
      "Treenighetsläsning behöver att ‘förstfödd’ här bara betyder rang eller rättighet, inte ordning.",
      "Det är möjligt i vissa texter, men poängen är att man måste styra ordets innebörd för att undvika en naturlig konsekvens.",
      "Läs versen i sitt sammanhang. Den säger något konkret om Fadern, Sonen eller Anden, men formulerar inte en treenig gudom.",
      "Texten passar in i mönstret där Gud är källan och Jesus är den genom vilken Gud verkar och skapar."
    ],
    "why": [
      "När ett ord måste tvingas bort från sin normaltyngd för att modellen ska gå ihop, då ser man modellens styrning.",
      "Versen används ofta i treenighetsdebatten. Här hjälper den oss att hålla oss till det som faktiskt står i texten, inte senare tolkningar.",
      "Den här versen hjälper oss att bygga en helhetsbild där bibeltexter tolkas med bibeltexter (jämför gärna parallellställen)."
    ],
    "notes": [
      "Fråga: Var säger texten att ‘förstfödd’ inte får betyda först i ordning här?",
      "Tumregel: om tolkningen kräver ord som inte finns i texten (t.ex. ”tre personer i ett väsen”), kontrollera om sammanhanget verkligen stödjer det.",
      "Det här stämmer med formuleringar som ”genom honom” och ”från honom” som skiljer på Gud och Kristus.",
      "För treenighetsfrågor är det extra viktigt att skilja på: vad texten säger, och vad en senare teologisk modell vill att texten ska säga."
    ]
  },
  "relatedIds": [
    "isa-44-24",
    "col-2-9",
    "john-1-1"
  ]
}