{
  "id": "col-2-9",
  "ref": "Kol 2:9",
  "short": "“Fullheten bor i honom” blir identitet först när man antar att ‘bor i’ betyder ontologisk likhet.",
  "tags": [
    "Paulus",
    "fullhet",
    "bor i"
  ],
  "expanded": {
    "logic": [
      "Versen säger att gudomlighetens fullhet bor i Kristus kroppsligen.",
      "Treenighetsläsning gör det till ontologisk identitet: Kristus är Gud i väsen.",
      "Men ‘bor i’ är ett relationsverb. Texten kan lika gärna uttrycka Guds fulla närvaro och verkan i Kristus utan att definiera treenighetsmetafysik.",
      "Läs versen i sitt sammanhang. Den säger något konkret om Fadern, Sonen eller Anden, men formulerar inte en treenig gudom."
    ],
    "why": [
      "Det är samma mönster: relationella verb pressas till ontologi via extern modell.",
      "Versen används ofta i treenighetsdebatten. Här hjälper den oss att hålla oss till det som faktiskt står i texten, inte senare tolkningar.",
      "Den här versen hjälper oss att bygga en helhetsbild där bibeltexter tolkas med bibeltexter (jämför gärna parallellställen)."
    ],
    "notes": [
      "Fråga: Var definieras att ‘bor i’ måste betyda väsen-identitet och inte Guds fulla närvaro?",
      "Tumregel: om tolkningen kräver ord som inte finns i texten (t.ex. ”tre personer i ett väsen”), kontrollera om sammanhanget verkligen stödjer det.",
      "Om du vill göra sidan ännu tydligare kan du länka till ett par parallellställen i samma tema (monoteism, Sonens underordning, Andens funktion).",
      "För treenighetsfrågor är det extra viktigt att skilja på: vad texten säger, och vad en senare teologisk modell vill att texten ska säga."
    ]
  },
  "relatedIds": [
    "john-1-1",
    "isa-9-6",
    "heb-1-3"
  ]
}