{
  "id": "deut-6-4",
  "ref": "5 Mos 6:4",
  "short": "“Herren är en” blir “en sammansatt enhet” via omdefinition, inte via ordalydelse.",
  "tags": [
    "GT",
    "Shema",
    "enhet"
  ],
  "expanded": {
    "logic": [
      "Versen säger rakt: Herren är en.",
      "Treenighetsläsning behöver att “en” betyder en förenad enhet som rymmer flera personer.",
      "Men texten säger inte “en i tre personer”. Den ger en enhetssats utan ontologisk kommentar.",
      "Läs versen i sitt sammanhang. Den säger något konkret om Fadern, Sonen eller Anden, men formulerar inte en treenig gudom.",
      "”Ett” i den här typen av uttryck handlar ofta om enhet i mål och vilja, inte om att bli samma person eller samma väsen."
    ],
    "why": [
      "När ett nyckelord måste byta grundbetydelse för att modellen ska passa, då är modellen styrande, inte texten.",
      "Versen används ofta i treenighetsdebatten. Här hjälper den oss att hålla oss till det som faktiskt står i texten, inte senare tolkningar.",
      "Den här versen hjälper oss att bygga en helhetsbild där bibeltexter tolkas med bibeltexter (jämför gärna parallellställen)."
    ],
    "notes": [
      "Fråga: Var definieras “en” som flerperson-enhet i själva Shema?",
      "Tumregel: om tolkningen kräver ord som inte finns i texten (t.ex. ”tre personer i ett väsen”), kontrollera om sammanhanget verkligen stödjer det.",
      "Jämför hur Jesus ber att lärjungarna ska vara ”ett” på liknande sätt (Joh 17:21–22).",
      "För treenighetsfrågor är det extra viktigt att skilja på: vad texten säger, och vad en senare teologisk modell vill att texten ska säga."
    ]
  },
  "relatedIds": [
    "john-17-3",
    "1cor-8-6",
    "gen-1-26"
  ]
}