{
  "id": "gen-1-26",
  "ref": "1 Mos 1:26",
  "short": "Pluralformen blir tre personer först när man lägger in ett ontologiskt schema som versen inte anger.",
  "tags": [
    "GT",
    "plural",
    "låt oss"
  ],
  "expanded": {
    "logic": [
      "Texten har plural: “Låt oss göra människan”. Plural kan vara majestätiskt språk eller himmelskt råd.",
      "För att få treenigheten ur versen måste man anta: plural syftar på interna gudomliga personer i samma väsen.",
      "Men versen definierar varken antal, relation, eller väsen-kategori. Den ger bara en pluralform.",
      "Läs versen i sitt sammanhang. Den säger något konkret om Fadern, Sonen eller Anden, men formulerar inte en treenig gudom."
    ],
    "why": [
      "Det är ett metodproblem: man går från grammatik till metafysik utan att texten själv gör det steget.",
      "Versen används ofta i treenighetsdebatten. Här hjälper den oss att hålla oss till det som faktiskt står i texten, inte senare tolkningar.",
      "Den här versen hjälper oss att bygga en helhetsbild där bibeltexter tolkas med bibeltexter (jämför gärna parallellställen)."
    ],
    "notes": [
      "Fråga: Var i versen står att pluralen är en intern gudomlig dialog och inte språklig stil eller råd?",
      "Tumregel: om tolkningen kräver ord som inte finns i texten (t.ex. ”tre personer i ett väsen”), kontrollera om sammanhanget verkligen stödjer det.",
      "Om du vill göra sidan ännu tydligare kan du länka till ett par parallellställen i samma tema (monoteism, Sonens underordning, Andens funktion).",
      "För treenighetsfrågor är det extra viktigt att skilja på: vad texten säger, och vad en senare teologisk modell vill att texten ska säga."
    ]
  },
  "relatedIds": [
    "deut-6-4",
    "john-10-30",
    "matt-28-19"
  ]
}