{
  "id": "gen-1-1",
  "ref": "1 Mos 1:1",
  "short": "Skapelsen tillskrivs Gud utan intern personsdefinition.",
  "tags": [
    "GT",
    "skapelse",
    "monoteism"
  ],
  "expanded": {
    "logic": [
      "Texten: 1 Mos 1:1.",
      "Utsagan används ofta för att stödja en trinitarisk slutsats.",
      "Men versen definierar inte ett ontologiskt schema med väsen och personer.",
      "Läs versen i sitt sammanhang. Den säger något konkret om Fadern, Sonen eller Anden, men formulerar inte en treenig gudom.",
      "Bibeln återkommer ständigt till att Gud är en, unik och utan jämlike. Det är grundtonen i både GT och NT.",
      "Texten passar in i mönstret där Gud är källan och Jesus är den genom vilken Gud verkar och skapar."
    ],
    "why": [
      "Treenighetsläsning behöver ofta ett extra tolkningssteg: från relation eller titel till ontologi.",
      "Det steget står inte i själva versen.",
      "Versen används ofta i treenighetsdebatten. Här hjälper den oss att hålla oss till det som faktiskt står i texten, inte senare tolkningar."
    ],
    "notes": [
      "Debattfråga: Var i versen står ontologin uttryckt, och inte bara relation, funktion eller titel?",
      "Tumregel: om tolkningen kräver ord som inte finns i texten (t.ex. ”tre personer i ett väsen”), kontrollera om sammanhanget verkligen stödjer det.",
      "Det här ligger i linje med den judiska monoteismen som Jesus själv bekräftade (t.ex. 5 Mos 6:4).",
      "Det här stämmer med formuleringar som ”genom honom” och ”från honom” som skiljer på Gud och Kristus."
    ]
  }
}