{
  "id": "gen-1-2",
  "ref": "1 Mos 1:2",
  "short": "Guds Ande nämns utan att definieras som separat person.",
  "tags": [
    "GT",
    "Anden",
    "skapelse"
  ],
  "expanded": {
    "logic": [
      "Texten: 1 Mos 1:2.",
      "Utsagan används ofta för att stödja en trinitarisk slutsats.",
      "Men versen definierar inte ett ontologiskt schema med väsen och personer.",
      "Läs versen i sitt sammanhang. Den säger något konkret om Fadern, Sonen eller Anden, men formulerar inte en treenig gudom.",
      "Helig ande beskrivs ofta som Guds verksamma kraft som verkar, leder och ger styrka, inte som en separat gudomlig person.",
      "Texten passar in i mönstret där Gud är källan och Jesus är den genom vilken Gud verkar och skapar."
    ],
    "why": [
      "Treenighetsläsning behöver ofta ett extra tolkningssteg: från relation eller titel till ontologi.",
      "Det steget står inte i själva versen.",
      "Versen används ofta i treenighetsdebatten. Här hjälper den oss att hålla oss till det som faktiskt står i texten, inte senare tolkningar."
    ],
    "notes": [
      "Debattfråga: Var i versen står ontologin uttryckt, och inte bara relation, funktion eller titel?",
      "Tumregel: om tolkningen kräver ord som inte finns i texten (t.ex. ”tre personer i ett väsen”), kontrollera om sammanhanget verkligen stödjer det.",
      "I bibeln kan Anden personifieras (tala, vittna), men det sker även med opersonliga saker som vishet, synd och död. Det i sig gör inte Anden till en person.",
      "Det här stämmer med formuleringar som ”genom honom” och ”från honom” som skiljer på Gud och Kristus."
    ]
  }
}