{
  "id": "heb-1-3",
  "ref": "Hebr 1:3",
  "short": "Avbild och avglans blir identitet först när man läser in ontologi som bildspråket inte definierar.",
  "tags": [
    "Hebreerbrevet",
    "avbild",
    "väsen"
  ],
  "expanded": {
    "logic": [
      "Sonen kallas avglans av Guds härlighet och avbild av hans väsen.",
      "Treenighetsläsning gör avbilden till ontologisk identitet eller samma gudomliga väsen.",
      "Men avbildspråk betyder representation. Det kan uttrycka perfekt likhet utan att vara en teknisk sats om tre personer i ett väsen.",
      "Läs versen i sitt sammanhang. Den säger något konkret om Fadern, Sonen eller Anden, men formulerar inte en treenig gudom."
    ],
    "why": [
      "Bildspråk kan bära hög teologi, men kräver försiktighet när man gör det till exakt metafysik.",
      "Versen används ofta i treenighetsdebatten. Här hjälper den oss att hålla oss till det som faktiskt står i texten, inte senare tolkningar.",
      "Den här versen hjälper oss att bygga en helhetsbild där bibeltexter tolkas med bibeltexter (jämför gärna parallellställen)."
    ],
    "notes": [
      "Fråga: Var säger texten att avbild = samma väsen, och inte full representation?",
      "Tumregel: om tolkningen kräver ord som inte finns i texten (t.ex. ”tre personer i ett väsen”), kontrollera om sammanhanget verkligen stödjer det.",
      "Om du vill göra sidan ännu tydligare kan du länka till ett par parallellställen i samma tema (monoteism, Sonens underordning, Andens funktion).",
      "För treenighetsfrågor är det extra viktigt att skilja på: vad texten säger, och vad en senare teologisk modell vill att texten ska säga."
    ]
  },
  "relatedIds": [
    "john-1-1",
    "isa-9-6",
    "col-2-9"
  ]
}