{
  "id": "heb-1-8-9",
  "ref": "Hebr 1:8-9",
  "short": "“Gud, din Gud” tvingar fram ett harmoniseringsschema: hur kan Gud ha en Gud?",
  "tags": [
    "Hebreerbrevet",
    "Gud din Gud",
    "spänning"
  ],
  "expanded": {
    "logic": [
      "Texten ger starka titlar och säger samtidigt: “Gud, din Gud, har smort dig”.",
      "Treenighetsläsning måste lösa detta via natur-distinktion eller interna relationer.",
      "Men versen själv ger ingen ontologisk förklaring. Den ger en spänning som systemet måste reda ut.",
      "Läs versen i sitt sammanhang. Den säger något konkret om Fadern, Sonen eller Anden, men formulerar inte en treenig gudom."
    ],
    "why": [
      "Det är tydligt: man behöver ett yttre ramverk för att göra utsagorna kompatibla som ontologi.",
      "Versen används ofta i treenighetsdebatten. Här hjälper den oss att hålla oss till det som faktiskt står i texten, inte senare tolkningar.",
      "Den här versen hjälper oss att bygga en helhetsbild där bibeltexter tolkas med bibeltexter (jämför gärna parallellställen)."
    ],
    "notes": [
      "Fråga: Var definieras i texten hur en som kallas Gud samtidigt har ‘din Gud’?",
      "Tumregel: om tolkningen kräver ord som inte finns i texten (t.ex. ”tre personer i ett väsen”), kontrollera om sammanhanget verkligen stödjer det.",
      "Om du vill göra sidan ännu tydligare kan du länka till ett par parallellställen i samma tema (monoteism, Sonens underordning, Andens funktion).",
      "För treenighetsfrågor är det extra viktigt att skilja på: vad texten säger, och vad en senare teologisk modell vill att texten ska säga."
    ]
  },
  "relatedIds": [
    "john-20-17",
    "1cor-15-28",
    "phil-2-6-11"
  ]
}