{
  "id": "isa-44-24",
  "ref": "Jes 44:24",
  "short": "“Jag skapade ensam” kräver att “ensam” ändå inkluderar fler personer via väsen, vilket versen inte säger.",
  "tags": [
    "GT",
    "skapelse",
    "ensam"
  ],
  "expanded": {
    "logic": [
      "Versen betonar exklusivitet: Herren skapade ensam och spände ut himlen själv.",
      "Treenighetsläsning måste säga: “ensam” betyder ensam som väsen, inte ensam som aktör.",
      "Det är ett ontologiskt tillägg. Texten använder ensamhetsspråk för att utesluta andra deltagare.",
      "Läs versen i sitt sammanhang. Den säger något konkret om Fadern, Sonen eller Anden, men formulerar inte en treenig gudom.",
      "Texten passar in i mönstret där Gud är källan och Jesus är den genom vilken Gud verkar och skapar."
    ],
    "why": [
      "Om textens poäng är exklusivitet, ska man inte behöva en dold kategori för att undvika att ta den på orden.",
      "Versen används ofta i treenighetsdebatten. Här hjälper den oss att hålla oss till det som faktiskt står i texten, inte senare tolkningar.",
      "Den här versen hjälper oss att bygga en helhetsbild där bibeltexter tolkas med bibeltexter (jämför gärna parallellställen)."
    ],
    "notes": [
      "Fråga: Var i versen finns distinktionen “ensam som person” kontra “ensam som väsen”?",
      "Tumregel: om tolkningen kräver ord som inte finns i texten (t.ex. ”tre personer i ett väsen”), kontrollera om sammanhanget verkligen stödjer det.",
      "Det här stämmer med formuleringar som ”genom honom” och ”från honom” som skiljer på Gud och Kristus.",
      "För treenighetsfrågor är det extra viktigt att skilja på: vad texten säger, och vad en senare teologisk modell vill att texten ska säga."
    ]
  },
  "relatedIds": [
    "john-1-1",
    "1cor-8-6",
    "col-1-15"
  ]
}