{
  "id": "isa-45-23-phil-2-10",
  "ref": "Jes 45:23 och Fil 2:10",
  "short": "Samma tillbedjansspråk används, och treenigheten kräver en harmoniseringsmodell för att undvika konkurrens med Guds unika tillbedjan.",
  "tags": [
    "GT/NT",
    "tillbedjan",
    "knä"
  ],
  "expanded": {
    "logic": [
      "Jesaja beskriver att varje knä ska böjas och varje tunga svära trohet till Herren.",
      "Filipperbrevet applicerar knäböjning på Jesus i hans upphöjelse.",
      "Treenighetsläsning måste införa: Jesus delar Guds väsen så att tillbedjan inte blir konkurrerande.",
      "Men den mekanismen står inte i verserna. Den kommer från ett externt schema."
    ],
    "why": [
      "Texten visar spänning som kräver förklaring. Treenigheten löser den genom natur-person-ramverket, inte genom explicit definition.",
      "Versen används ofta i treenighetsdebatten. Här hjälper den oss att hålla oss till det som faktiskt står i texten, inte senare tolkningar.",
      "Den här versen hjälper oss att bygga en helhetsbild där bibeltexter tolkas med bibeltexter (jämför gärna parallellställen)."
    ],
    "notes": [
      "Fråga: Var förklarar texten själv hur unik tillbedjan kan riktas till två utan ontologiskt ramverk?",
      "Tumregel: om tolkningen kräver ord som inte finns i texten (t.ex. ”tre personer i ett väsen”), kontrollera om sammanhanget verkligen stödjer det.",
      "Om du vill göra sidan ännu tydligare kan du länka till ett par parallellställen i samma tema (monoteism, Sonens underordning, Andens funktion).",
      "För treenighetsfrågor är det extra viktigt att skilja på: vad texten säger, och vad en senare teologisk modell vill att texten ska säga."
    ]
  },
  "relatedIds": [
    "rev-5",
    "1cor-8-6",
    "john-5-22"
  ]
}