{
  "id": "isa-48-16",
  "ref": "Jes 48:16",
  "short": "Herren Gud har sänt mig och sin Ande, utan ontologisk manual.",
  "tags": [
    "GT",
    "Anden",
    "sändning"
  ],
  "expanded": {
    "logic": [
      "Texten: Jes 48:16.",
      "Utsagan används ofta för att stödja en trinitarisk slutsats.",
      "Men versen definierar inte ett ontologiskt schema med väsen och personer.",
      "Läs versen i sitt sammanhang. Den säger något konkret om Fadern, Sonen eller Anden, men formulerar inte en treenig gudom.",
      "Helig ande beskrivs ofta som Guds verksamma kraft som verkar, leder och ger styrka, inte som en separat gudomlig person."
    ],
    "why": [
      "Treenighetsläsning behöver ofta ett extra tolkningssteg: från relation eller titel till ontologi.",
      "Det steget står inte i själva versen.",
      "Versen används ofta i treenighetsdebatten. Här hjälper den oss att hålla oss till det som faktiskt står i texten, inte senare tolkningar."
    ],
    "notes": [
      "Debattfråga: Var i versen står ontologin uttryckt, och inte bara relation, funktion eller titel?",
      "Tumregel: om tolkningen kräver ord som inte finns i texten (t.ex. ”tre personer i ett väsen”), kontrollera om sammanhanget verkligen stödjer det.",
      "I bibeln kan Anden personifieras (tala, vittna), men det sker även med opersonliga saker som vishet, synd och död. Det i sig gör inte Anden till en person.",
      "För treenighetsfrågor är det extra viktigt att skilja på: vad texten säger, och vad en senare teologisk modell vill att texten ska säga."
    ]
  }
}