{
  "id": "john-17-3",
  "ref": "Joh 17:3",
  "short": "“Fadern är den ende sanne Guden” kräver omdefinition av ‘ende’ för att inkludera fler personer.",
  "tags": [
    "Evangelier",
    "ende",
    "sanne Guden"
  ],
  "expanded": {
    "logic": [
      "Jesus adresserar Fadern som “den ende sanne Guden” och sig själv som den utsände.",
      "Treenighetsläsning måste flytta ‘ende’ från person till väsen och sedan inkludera Sonen i samma väsen.",
      "Men den distinktionen uttalas inte här. Versen pekar direkt på Fadern.",
      "Läs versen i sitt sammanhang. Den säger något konkret om Fadern, Sonen eller Anden, men formulerar inte en treenig gudom.",
      "Jesus talar till Fadern i bön och kallar honom ”den ende sanne Guden”. Det placerar Fadern som Gud i versens egen formulering."
    ],
    "why": [
      "Det blir tydligt att natur-person-schemat är importerat. Texten ger relation, inte metafysisk ram.",
      "Versen används ofta i treenighetsdebatten. Här hjälper den oss att hålla oss till det som faktiskt står i texten, inte senare tolkningar.",
      "Den här versen hjälper oss att bygga en helhetsbild där bibeltexter tolkas med bibeltexter (jämför gärna parallellställen)."
    ],
    "notes": [
      "Fråga: Var i versen definieras att ‘ende’ betyder ‘ett väsen med flera personer’?",
      "Tumregel: om tolkningen kräver ord som inte finns i texten (t.ex. ”tre personer i ett väsen”), kontrollera om sammanhanget verkligen stödjer det.",
      "Versen kopplar evigt liv till att känna både Gud och den som Gud har sänt. Det gör distinktionen tydlig utan att införa en treenighetsformel.",
      "För treenighetsfrågor är det extra viktigt att skilja på: vad texten säger, och vad en senare teologisk modell vill att texten ska säga."
    ]
  },
  "relatedIds": [
    "deut-6-4",
    "1cor-8-6",
    "john-20-28"
  ]
}