{
  "id": "john-14-9",
  "ref": "Joh 14:9",
  "short": "Uppenbarelse görs till identitet genom ett ontologiskt steg som texten inte uttalar.",
  "tags": [
    "Evangelier",
    "uppenbarelse",
    "Fadern"
  ],
  "expanded": {
    "logic": [
      "“Den som har sett mig har sett Fadern” handlar om att Sonen visar Fadern.",
      "Treenighetsläsning gör det till ontologisk identitet.",
      "Men att se någon genom den som representerar honom är ett etablerat relationsmönster. Versen definierar inte väsen eller personsamband.",
      "Läs versen i sitt sammanhang. Den säger något konkret om Fadern, Sonen eller Anden, men formulerar inte en treenig gudom."
    ],
    "why": [
      "När ‘uppenbarar’ automatiskt betyder ‘är identisk i väsen’, då är det modellen som talar.",
      "Versen används ofta i treenighetsdebatten. Här hjälper den oss att hålla oss till det som faktiskt står i texten, inte senare tolkningar.",
      "Den här versen hjälper oss att bygga en helhetsbild där bibeltexter tolkas med bibeltexter (jämför gärna parallellställen)."
    ],
    "notes": [
      "Fråga: Var i versen står att se = ontologisk identitet och inte full representation?",
      "Tumregel: om tolkningen kräver ord som inte finns i texten (t.ex. ”tre personer i ett väsen”), kontrollera om sammanhanget verkligen stödjer det.",
      "Om du vill göra sidan ännu tydligare kan du länka till ett par parallellställen i samma tema (monoteism, Sonens underordning, Andens funktion).",
      "För treenighetsfrågor är det extra viktigt att skilja på: vad texten säger, och vad en senare teologisk modell vill att texten ska säga."
    ]
  },
  "relatedIds": [
    "john-1-1",
    "john-17-3",
    "john-20-28"
  ]
}