{
  "id": "john-20-28",
  "ref": "Joh 20:28",
  "short": "Utsagan “min Gud” måste harmoniseras med Joh 17:3 genom natur-distinktion som inte står i texten.",
  "tags": [
    "Evangelier",
    "Thomas",
    "min Gud"
  ],
  "expanded": {
    "logic": [
      "Thomas utropar: “Min Herre och min Gud”.",
      "Treenighetsläsning gör detta till ontologisk identitet och löser spänningen mot “Fadern är ende sanne Guden” via natur-person-modell.",
      "Men själva versen ger ingen harmoniseringsmekanism. Den måste importeras.",
      "Läs versen i sitt sammanhang. Den säger något konkret om Fadern, Sonen eller Anden, men formulerar inte en treenig gudom."
    ],
    "why": [
      "Man kan hålla utsagan maximal utan att påstå att den i sig definierar treenighetens ontologi.",
      "Versen används ofta i treenighetsdebatten. Här hjälper den oss att hålla oss till det som faktiskt står i texten, inte senare tolkningar.",
      "Den här versen hjälper oss att bygga en helhetsbild där bibeltexter tolkas med bibeltexter (jämför gärna parallellställen)."
    ],
    "notes": [
      "Fråga: Var i texten står harmoniseringsnyckeln, och inte i ett senare system?",
      "Tumregel: om tolkningen kräver ord som inte finns i texten (t.ex. ”tre personer i ett väsen”), kontrollera om sammanhanget verkligen stödjer det.",
      "När Jesus säger ”min Gud” visar det en tydlig åtskillnad: Gud är den Jesus tillber och lyder.",
      "För treenighetsfrågor är det extra viktigt att skilja på: vad texten säger, och vad en senare teologisk modell vill att texten ska säga."
    ]
  },
  "relatedIds": [
    "john-17-3",
    "rom-9-5",
    "titus-2-13"
  ]
}