{
  "id": "john-20-17",
  "ref": "Joh 20:17",
  "short": "“Min Gud” kräver ett två-natur-ramverk för att undvika att Jesus faktiskt står under Gud i relation.",
  "tags": [
    "Evangelier",
    "min Gud",
    "uppståndelsen"
  ],
  "expanded": {
    "logic": [
      "Den uppståndne Jesus säger: “min Gud och er Gud”.",
      "Treenighetsläsning måste säga: detta gäller hans mänskliga natur, inte hans gudomliga.",
      "Men versen själv ger ingen naturförklaring. Den uttrycker relation: Jesus riktar sig till Gud.",
      "Läs versen i sitt sammanhang. Den säger något konkret om Fadern, Sonen eller Anden, men formulerar inte en treenig gudom."
    ],
    "why": [
      "Det är precis ditt huvudmönster: spänningar löses genom en extern modell, inte av versens egna definitioner.",
      "Versen används ofta i treenighetsdebatten. Här hjälper den oss att hålla oss till det som faktiskt står i texten, inte senare tolkningar.",
      "Den här versen hjälper oss att bygga en helhetsbild där bibeltexter tolkas med bibeltexter (jämför gärna parallellställen)."
    ],
    "notes": [
      "Fråga: Var i versen står två-natur-nyckeln som gör att ‘min Gud’ inte betyder faktisk gud-relation?",
      "Tumregel: om tolkningen kräver ord som inte finns i texten (t.ex. ”tre personer i ett väsen”), kontrollera om sammanhanget verkligen stödjer det.",
      "När Jesus säger ”min Gud” visar det en tydlig åtskillnad: Gud är den Jesus tillber och lyder.",
      "För treenighetsfrågor är det extra viktigt att skilja på: vad texten säger, och vad en senare teologisk modell vill att texten ska säga."
    ]
  },
  "relatedIds": [
    "1cor-15-28",
    "heb-1-8-9",
    "1tim-2-5"
  ]
}