{
  "id": "john-10-30",
  "ref": "Joh 10:30",
  "short": "“Ett” blir väsen-enhet när man lägger in ontologi som versen inte definierar.",
  "tags": [
    "Evangelier",
    "enhet",
    "ett"
  ],
  "expanded": {
    "logic": [
      "Jesus säger: “Jag och Fadern är ett”.",
      "Treenighetsläsning gör “ett” till ontologisk enhet i väsen.",
      "Men enhetsspråk kan syfta på vilja, mål och uppdrag. Versen definierar inte ‘ett’ som en väsen-kategori.",
      "Läs versen i sitt sammanhang. Den säger något konkret om Fadern, Sonen eller Anden, men formulerar inte en treenig gudom.",
      "”Ett” i den här typen av uttryck handlar ofta om enhet i mål och vilja, inte om att bli samma person eller samma väsen.",
      "Sammanhanget handlar om att Jesus och Fadern verkar tillsammans i samma uppdrag (skydda fåren), vilket passar med enhet i vilja och mål."
    ],
    "why": [
      "Det är samma metodmönster: relationellt språk pressas till ontologi via extern modell.",
      "Versen används ofta i treenighetsdebatten. Här hjälper den oss att hålla oss till det som faktiskt står i texten, inte senare tolkningar.",
      "Den här versen hjälper oss att bygga en helhetsbild där bibeltexter tolkas med bibeltexter (jämför gärna parallellställen)."
    ],
    "notes": [
      "Fråga: Var i versen står att ‘ett’ betyder ‘ett väsen’ och inte enhet i uppdrag?",
      "Tumregel: om tolkningen kräver ord som inte finns i texten (t.ex. ”tre personer i ett väsen”), kontrollera om sammanhanget verkligen stödjer det.",
      "Jämför hur Jesus ber att lärjungarna ska vara ”ett” på liknande sätt (Joh 17:21–22).",
      "För treenighetsfrågor är det extra viktigt att skilja på: vad texten säger, och vad en senare teologisk modell vill att texten ska säga."
    ]
  },
  "relatedIds": [
    "john-17-3",
    "deut-6-4",
    "john-14-9"
  ]
}