{
  "id": "john-3-13",
  "ref": "Joh 3:13",
  "short": "“Som är i himlen” används ontologiskt trots textkritisk osäkerhet.",
  "tags": [
    "Evangelier",
    "Johannes",
    "textkritik"
  ],
  "expanded": {
    "logic": [
      "Vissa handskrifter har tillägget “som är i himlen”.",
      "Treenighetsläsning kan använda det för att argumentera för samtidig himmelsk närvaro.",
      "Men när formuleringen är osäker bör den inte bära ontologisk bevisbörda.",
      "Läs versen i sitt sammanhang. Den säger något konkret om Fadern, Sonen eller Anden, men formulerar inte en treenig gudom."
    ],
    "why": [
      "Det blir bakvänt: man använder ett osäkert tillägg som stöd för en säker metafysik.",
      "Versen används ofta i treenighetsdebatten. Här hjälper den oss att hålla oss till det som faktiskt står i texten, inte senare tolkningar.",
      "Den här versen hjälper oss att bygga en helhetsbild där bibeltexter tolkas med bibeltexter (jämför gärna parallellställen)."
    ],
    "notes": [
      "Fråga: Om uttrycket är omstritt, varför behandlas det som ontologiskt avgörande?",
      "Tumregel: om tolkningen kräver ord som inte finns i texten (t.ex. ”tre personer i ett väsen”), kontrollera om sammanhanget verkligen stödjer det.",
      "Vissa formuleringar i äldre biblar kan bygga på senare tillägg i handskrifter. Moderna utgåvor markerar eller utelämnar sådana varianter.",
      "För treenighetsfrågor är det extra viktigt att skilja på: vad texten säger, och vad en senare teologisk modell vill att texten ska säga."
    ]
  },
  "relatedIds": [
    "john-1-18",
    "john-8-58",
    "phil-2-6-11"
  ]
}