{
  "id": "john-1-18",
  "ref": "Joh 1:18",
  "short": "Ontologi byggs på en titel och en textvariant i stället för på en explicit definition.",
  "tags": [
    "Evangelier",
    "Johannes",
    "textvariant"
  ],
  "expanded": {
    "logic": [
      "Versen har olika läsarter (enfödde Gud/enfödde Son) beroende på texttradition.",
      "Treenighetsläsning kan göra formuleringen till ontologisk hörnsten.",
      "Men när en vers har varianter är det svagt att låta den bära en hel metafysisk konstruktion utan att resten av texten uttalar den.",
      "Läs versen i sitt sammanhang. Den säger något konkret om Fadern, Sonen eller Anden, men formulerar inte en treenig gudom."
    ],
    "why": [
      "Metodpoängen: ontologi kräver tydlig och stabil definition, inte en osäker formulering som måste säkras via textkritik.",
      "Versen används ofta i treenighetsdebatten. Här hjälper den oss att hålla oss till det som faktiskt står i texten, inte senare tolkningar.",
      "Den här versen hjälper oss att bygga en helhetsbild där bibeltexter tolkas med bibeltexter (jämför gärna parallellställen)."
    ],
    "notes": [
      "Fråga: Varför ska en omdiskuterad läsart avgöra en ontologisk lära som texten annars inte uttrycker rakt?",
      "Tumregel: om tolkningen kräver ord som inte finns i texten (t.ex. ”tre personer i ett väsen”), kontrollera om sammanhanget verkligen stödjer det.",
      "Om du vill göra sidan ännu tydligare kan du länka till ett par parallellställen i samma tema (monoteism, Sonens underordning, Andens funktion).",
      "För treenighetsfrågor är det extra viktigt att skilja på: vad texten säger, och vad en senare teologisk modell vill att texten ska säga."
    ]
  },
  "relatedIds": [
    "john-1-1",
    "john-17-3",
    "titus-2-13"
  ]
}