{
  "id": "john-1-1",
  "ref": "Joh 1:1",
  "short": "“Ordet var Gud” blir identitet först när man väljer en ontologisk läsning som versen inte förklarar.",
  "tags": [
    "Evangelier",
    "Johannes",
    "Logos"
  ],
  "expanded": {
    "logic": [
      "Utsagan är stark: Ordet var hos Gud och Ordet var Gud.",
      "Treenighetsläsning antar identitet i ontologisk mening.",
      "Men språket kan också uttrycka kvalitet: Ordet är gudomligt, bär Guds natur/karaktär, utan att versen definierar personschema och väsen-lära.",
      "Läs versen i sitt sammanhang. Den säger något konkret om Fadern, Sonen eller Anden, men formulerar inte en treenig gudom."
    ],
    "why": [
      "Versen kan bära hög kristologi, men den formulerar inte treenighetens teknik. Modellen kommer utifrån.",
      "Versen används ofta i treenighetsdebatten. Här hjälper den oss att hålla oss till det som faktiskt står i texten, inte senare tolkningar.",
      "Den här versen hjälper oss att bygga en helhetsbild där bibeltexter tolkas med bibeltexter (jämför gärna parallellställen)."
    ],
    "notes": [
      "Fråga: Var i versen definieras att detta måste betyda ‘en och samma Gud i tre personer’?",
      "Tumregel: om tolkningen kräver ord som inte finns i texten (t.ex. ”tre personer i ett väsen”), kontrollera om sammanhanget verkligen stödjer det.",
      "”Ordet var hos Gud” markerar en åtskillnad. Den sista frasen beskriver Ordets natur och översätts därför ibland med ”gudomlig” eller ”en gud” beroende på språklig analys.",
      "För treenighetsfrågor är det extra viktigt att skilja på: vad texten säger, och vad en senare teologisk modell vill att texten ska säga."
    ]
  },
  "relatedIds": [
    "col-2-9",
    "heb-1-3",
    "isa-44-24"
  ]
}