{
  "id": "john-1-3",
  "ref": "Joh 1:3",
  "short": "Allt blev till genom honom, funktion utan mekanism.",
  "tags": [
    "Johannes",
    "skapelse"
  ],
  "expanded": {
    "logic": [
      "Texten: Joh 1:3.",
      "Utsagan används ofta för att stödja en trinitarisk slutsats.",
      "Men versen definierar inte ett ontologiskt schema med väsen och personer.",
      "Läs versen i sitt sammanhang. Den säger något konkret om Fadern, Sonen eller Anden, men formulerar inte en treenig gudom.",
      "Texten passar in i mönstret där Gud är källan och Jesus är den genom vilken Gud verkar och skapar."
    ],
    "why": [
      "Treenighetsläsning behöver ofta ett extra tolkningssteg: från relation eller titel till ontologi.",
      "Det steget står inte i själva versen.",
      "Versen används ofta i treenighetsdebatten. Här hjälper den oss att hålla oss till det som faktiskt står i texten, inte senare tolkningar."
    ],
    "notes": [
      "Debattfråga: Var i versen står ontologin uttryckt, och inte bara relation, funktion eller titel?",
      "Tumregel: om tolkningen kräver ord som inte finns i texten (t.ex. ”tre personer i ett väsen”), kontrollera om sammanhanget verkligen stödjer det.",
      "Det här stämmer med formuleringar som ”genom honom” och ”från honom” som skiljer på Gud och Kristus.",
      "För treenighetsfrågor är det extra viktigt att skilja på: vad texten säger, och vad en senare teologisk modell vill att texten ska säga."
    ]
  }
}