{
  "id": "john-8-58",
  "ref": "Joh 8:58",
  "short": "Varje ‘ego eimi’ kopplas till 2 Mos 3:14 genom antagande, inte genom explicit hänvisning i texten.",
  "tags": [
    "Evangelier",
    "Jag är",
    "ego eimi"
  ],
  "expanded": {
    "logic": [
      "Jesus säger “innan Abraham blev till, är jag”.",
      "Treenighetsläsning gör det till direkt anspråk på Guds namn i 2 Mos 3:14.",
      "Men uttrycket “jag är” förekommer i fler sammanhang. Kopplingen till teofanin är en teologisk association som texten inte explicit gör.",
      "Läs versen i sitt sammanhang. Den säger något konkret om Fadern, Sonen eller Anden, men formulerar inte en treenig gudom."
    ],
    "why": [
      "Man kan erkänna att utsagan är stark utan att automatiskt göra den till en teknisk identitetssats om väsen.",
      "Versen används ofta i treenighetsdebatten. Här hjälper den oss att hålla oss till det som faktiskt står i texten, inte senare tolkningar.",
      "Den här versen hjälper oss att bygga en helhetsbild där bibeltexter tolkas med bibeltexter (jämför gärna parallellställen)."
    ],
    "notes": [
      "Fråga: Var i Johannestexten sägs att detta är en direkt citatkoppling till 2 Mos 3:14?",
      "Tumregel: om tolkningen kräver ord som inte finns i texten (t.ex. ”tre personer i ett väsen”), kontrollera om sammanhanget verkligen stödjer det.",
      "I sammanhanget svarar Jesus på en invändning om ålder och existens före Abraham. Det kan förstås som ett påstående om för-existens.",
      "För treenighetsfrågor är det extra viktigt att skilja på: vad texten säger, och vad en senare teologisk modell vill att texten ska säga."
    ]
  },
  "relatedIds": [
    "john-10-30",
    "john-14-9",
    "isa-45-23-phil-2-10"
  ]
}