{
  "id": "matt-28-19",
  "ref": "Matt 28:19",
  "short": "En dopformel räknar upp tre, men treenigheten läser in ontologi som formeln inte uttalar.",
  "tags": [
    "Evangelier",
    "dop",
    "Fadern Sonen Anden"
  ],
  "expanded": {
    "logic": [
      "Versen ger dop i Faderns, Sonens och den helige Andes namn.",
      "Treenighetsläsning gör listan till ontologisk karta: tre personer, ett väsen.",
      "Men versen definierar inte vad “namn” innebär metafysiskt, eller hur relationen mellan de tre ska förstås ontologiskt.",
      "Läs versen i sitt sammanhang. Den säger något konkret om Fadern, Sonen eller Anden, men formulerar inte en treenig gudom."
    ],
    "why": [
      "Att tre nämns tillsammans kan vara liturgi och auktoritet. Ontologi är ett separat steg.",
      "Versen används ofta i treenighetsdebatten. Här hjälper den oss att hålla oss till det som faktiskt står i texten, inte senare tolkningar.",
      "Den här versen hjälper oss att bygga en helhetsbild där bibeltexter tolkas med bibeltexter (jämför gärna parallellställen)."
    ],
    "notes": [
      "Fråga: Var i dopformeln står något om ‘tre personer i ett väsen’?",
      "Tumregel: om tolkningen kräver ord som inte finns i texten (t.ex. ”tre personer i ett väsen”), kontrollera om sammanhanget verkligen stödjer det.",
      "Vid dopskildringar framträder Fadern, Sonen och Anden i samma scen men som olika aktörer i händelsen.",
      "Uppräkningen visar auktoritet och relationer, men säger inte att de tre är ”ett väsen” eller jämlika i allt."
    ]
  },
  "relatedIds": [
    "acts-5-3-4",
    "john-1-1",
    "john-17-3"
  ]
}