{
  "id": "matt-3-16-17",
  "ref": "Matt 3:16-17",
  "short": "Tre aktörer i dopscenen utan ontologisk definition.",
  "tags": [
    "Evangelier",
    "dop"
  ],
  "expanded": {
    "logic": [
      "Texten: Matt 3:16-17.",
      "Utsagan används ofta för att stödja en trinitarisk slutsats.",
      "Men versen definierar inte ett ontologiskt schema med väsen och personer.",
      "Läs versen i sitt sammanhang. Den säger något konkret om Fadern, Sonen eller Anden, men formulerar inte en treenig gudom."
    ],
    "why": [
      "Treenighetsläsning behöver ofta ett extra tolkningssteg: från relation eller titel till ontologi.",
      "Det steget står inte i själva versen.",
      "Versen används ofta i treenighetsdebatten. Här hjälper den oss att hålla oss till det som faktiskt står i texten, inte senare tolkningar."
    ],
    "notes": [
      "Debattfråga: Var i versen står ontologin uttryckt, och inte bara relation, funktion eller titel?",
      "Tumregel: om tolkningen kräver ord som inte finns i texten (t.ex. ”tre personer i ett väsen”), kontrollera om sammanhanget verkligen stödjer det.",
      "Vid dopskildringar framträder Fadern, Sonen och Anden i samma scen men som olika aktörer i händelsen.",
      "För treenighetsfrågor är det extra viktigt att skilja på: vad texten säger, och vad en senare teologisk modell vill att texten ska säga."
    ]
  }
}