{
  "id": "phil-2-6-11",
  "ref": "Fil 2:6-11",
  "short": "Gud upphöjer Jesus, och treenigheten måste säga att upphöjelsen bara gäller ‘rollen’ för att skydda jämlikhet i väsen.",
  "tags": [
    "Paulus",
    "upphöjelse",
    "namnet"
  ],
  "expanded": {
    "logic": [
      "Texten beskriver ödmjukelse och att Gud därefter upphöjer Jesus och ger honom namnet över alla namn.",
      "Treenighetsläsning måste säga att Jesus redan är jämlik Gud i väsen, så upphöjelsen gäller endast inkarnationens ekonomi.",
      "Men versen uttrycker givande och upphöjelse som verkliga skeenden. Det kräver en extern ram för att omtolka innebörden.",
      "Läs versen i sitt sammanhang. Den säger något konkret om Fadern, Sonen eller Anden, men formulerar inte en treenig gudom.",
      "När Gud upphöjer Jesus eller ger honom auktoritet framstår Gud som den som ger, och Jesus som den som tar emot."
    ],
    "why": [
      "Poängen är inte att texten är svag, utan att treenighetens ontologi inte står här som explicit definition.",
      "Versen används ofta i treenighetsdebatten. Här hjälper den oss att hålla oss till det som faktiskt står i texten, inte senare tolkningar.",
      "Den här versen hjälper oss att bygga en helhetsbild där bibeltexter tolkas med bibeltexter (jämför gärna parallellställen)."
    ],
    "notes": [
      "Fråga: Var i texten anges att upphöjelsen inte säger något om status, utan bara om ‘roll’?",
      "Tumregel: om tolkningen kräver ord som inte finns i texten (t.ex. ”tre personer i ett väsen”), kontrollera om sammanhanget verkligen stödjer det.",
      "Om Jesus redan vore identisk med den Allsmäktige blir upphöjelse, mottagen makt och mottagen uppenbarelse svårare att förstå.",
      "För treenighetsfrågor är det extra viktigt att skilja på: vad texten säger, och vad en senare teologisk modell vill att texten ska säga."
    ]
  },
  "relatedIds": [
    "acts-2-36",
    "isa-45-23-phil-2-10",
    "1cor-15-28"
  ]
}