{
  "id": "rev-5",
  "ref": "Upp 5",
  "short": "Delad ära blir ontologisk likhet först när man antar att ära bara kan delas om väsen delas.",
  "tags": [
    "Uppenbarelseboken",
    "Lammet",
    "ära"
  ],
  "expanded": {
    "logic": [
      "Lammet får ära, lov och makt i en himmelsk scen.",
      "Treenighetsläsning gör det till bevis för samma ontologiska gudom.",
      "Men apokalyptiskt språk kan ge ära till den Gud upphöjer och placerar vid sin sida. Att ‘delad ära’ kräver ‘delat väsen’ är en extra princip.",
      "Läs versen i sitt sammanhang. Den säger något konkret om Fadern, Sonen eller Anden, men formulerar inte en treenig gudom."
    ],
    "why": [
      "Texten visar att Lammet är centralt och upphöjt. Den säger inte att detta är en teknisk väsen-definition.",
      "Versen används ofta i treenighetsdebatten. Här hjälper den oss att hålla oss till det som faktiskt står i texten, inte senare tolkningar.",
      "Den här versen hjälper oss att bygga en helhetsbild där bibeltexter tolkas med bibeltexter (jämför gärna parallellställen)."
    ],
    "notes": [
      "Fråga: Var säger texten att ära till Lammet betyder att Lammet är Gud i väsen, och inte Guds upphöjde representant?",
      "Tumregel: om tolkningen kräver ord som inte finns i texten (t.ex. ”tre personer i ett väsen”), kontrollera om sammanhanget verkligen stödjer det.",
      "Om du vill göra sidan ännu tydligare kan du länka till ett par parallellställen i samma tema (monoteism, Sonens underordning, Andens funktion).",
      "För treenighetsfrågor är det extra viktigt att skilja på: vad texten säger, och vad en senare teologisk modell vill att texten ska säga."
    ]
  },
  "relatedIds": [
    "isa-45-23-phil-2-10",
    "rev-1-8",
    "john-20-28"
  ]
}