{
  "id": "rev-1-8",
  "ref": "Upp 1:8",
  "short": "För att göra detta till Jesus måste man först bestämma talaren och sedan läsa in ontologi, vilket texten inte explicit gör.",
  "tags": [
    "Uppenbarelseboken",
    "Alfa Omega",
    "Allsmäktig"
  ],
  "expanded": {
    "logic": [
      "Versen innehåller “Alfa och Omega” och “Allsmäktig”.",
      "Treenighetsläsning vill knyta titlarna till Jesus för ontologisk identitet.",
      "Men texten kräver först en tydlig talaridentifiering. Utan det blir ontologiska slutsatser en tolkning ovanpå textens röstväxlingar.",
      "Läs versen i sitt sammanhang. Den säger något konkret om Fadern, Sonen eller Anden, men formulerar inte en treenig gudom."
    ],
    "why": [
      "Stegen blir: bestäm talare, anta modell, dra ontologi. Versen i sig ger inte en explicit treenighetsdefinition.",
      "Versen används ofta i treenighetsdebatten. Här hjälper den oss att hålla oss till det som faktiskt står i texten, inte senare tolkningar.",
      "Den här versen hjälper oss att bygga en helhetsbild där bibeltexter tolkas med bibeltexter (jämför gärna parallellställen)."
    ],
    "notes": [
      "Fråga: Var i passagen står entydigt att ‘Allsmäktig’ här är Jesus och inte Gud som talar?",
      "Tumregel: om tolkningen kräver ord som inte finns i texten (t.ex. ”tre personer i ett väsen”), kontrollera om sammanhanget verkligen stödjer det.",
      "Om du vill göra sidan ännu tydligare kan du länka till ett par parallellställen i samma tema (monoteism, Sonens underordning, Andens funktion).",
      "För treenighetsfrågor är det extra viktigt att skilja på: vad texten säger, och vad en senare teologisk modell vill att texten ska säga."
    ]
  },
  "relatedIds": [
    "rev-22-13",
    "rev-5",
    "isa-45-23-phil-2-10"
  ]
}