{
  "id": "rev-22-13",
  "ref": "Upp 22:13",
  "short": "Alfa och Omega kräver talarbestämning. Utan det läser man identitet in i titeln via antagande.",
  "tags": [
    "Uppenbarelseboken",
    "Alfa Omega",
    "talare"
  ],
  "expanded": {
    "logic": [
      "“Jag är Alfa och Omega” förekommer i en sektion där röster kan växla.",
      "Treenighetsläsning behöver att talaren är Jesus för att få ontologisk identitet.",
      "Men först måste man visa talaren i texten. Annars blir ontologin resultatet av en förhandsmodell.",
      "Läs versen i sitt sammanhang. Den säger något konkret om Fadern, Sonen eller Anden, men formulerar inte en treenig gudom."
    ],
    "why": [
      "Det är en enkel logisk poäng: om talaren inte är fastställd, är ontologisk slutsats för tidig.",
      "Versen används ofta i treenighetsdebatten. Här hjälper den oss att hålla oss till det som faktiskt står i texten, inte senare tolkningar.",
      "Den här versen hjälper oss att bygga en helhetsbild där bibeltexter tolkas med bibeltexter (jämför gärna parallellställen)."
    ],
    "notes": [
      "Fråga: Var i texten fastslås otvetydigt vem ‘jag’ är i just denna replik?",
      "Tumregel: om tolkningen kräver ord som inte finns i texten (t.ex. ”tre personer i ett väsen”), kontrollera om sammanhanget verkligen stödjer det.",
      "Om du vill göra sidan ännu tydligare kan du länka till ett par parallellställen i samma tema (monoteism, Sonens underordning, Andens funktion).",
      "För treenighetsfrågor är det extra viktigt att skilja på: vad texten säger, och vad en senare teologisk modell vill att texten ska säga."
    ]
  },
  "relatedIds": [
    "rev-1-8",
    "rev-5",
    "zech-14-4"
  ]
}