{
  "id": "titus-2-13",
  "ref": "Titus 2:13",
  "short": "En grammatisk regel får bära en ontologisk slutsats som texten i övrigt inte formulerar.",
  "tags": [
    "Paulus",
    "grammatik",
    "titel"
  ],
  "expanded": {
    "logic": [
      "Versen kan tolkas beroende på grekisk grammatik och stil.",
      "Treenighetsläsning lutar på en specifik grammatisk regel för att göra uttrycket till en direkt gudstitel om Jesus.",
      "Även om man accepterar en hög titel här följer inte automatiskt ‘tre personer i ett väsen’. Den ontologin måste fortfarande tillföras.",
      "Läs versen i sitt sammanhang. Den säger något konkret om Fadern, Sonen eller Anden, men formulerar inte en treenig gudom."
    ],
    "why": [
      "Titlar kan vara höga och sanna utan att versen därmed blir en explicit ontologisk definition.",
      "Versen används ofta i treenighetsdebatten. Här hjälper den oss att hålla oss till det som faktiskt står i texten, inte senare tolkningar.",
      "Den här versen hjälper oss att bygga en helhetsbild där bibeltexter tolkas med bibeltexter (jämför gärna parallellställen)."
    ],
    "notes": [
      "Fråga: Även om titeln syftar på Jesus, var definieras treenighetens personschema och väsen-kategori?",
      "Tumregel: om tolkningen kräver ord som inte finns i texten (t.ex. ”tre personer i ett väsen”), kontrollera om sammanhanget verkligen stödjer det.",
      "Om du vill göra sidan ännu tydligare kan du länka till ett par parallellställen i samma tema (monoteism, Sonens underordning, Andens funktion).",
      "För treenighetsfrågor är det extra viktigt att skilja på: vad texten säger, och vad en senare teologisk modell vill att texten ska säga."
    ]
  },
  "relatedIds": [
    "rom-9-5",
    "john-20-28",
    "john-1-18"
  ]
}