{
  "id": "zech-14-4",
  "ref": "Sak 14:4",
  "short": "“Herren kommer” görs till “Jesus är Herren i väsen” via antagande, inte via textens egen definition.",
  "tags": [
    "GT",
    "Olivberget",
    "ankomst"
  ],
  "expanded": {
    "logic": [
      "Versen beskriver Herrens ankomst och att hans fötter står på Olivberget.",
      "Treenighetsläsning kopplar profetian till Jesus och drar ontologisk slutsats om väsen.",
      "Men profetiskt “Herren kommer” är inte automatiskt en metafysisk sats om person och väsen. Den behöver en tolkningsnyckel utanför versen.",
      "Läs versen i sitt sammanhang. Den säger något konkret om Fadern, Sonen eller Anden, men formulerar inte en treenig gudom."
    ],
    "why": [
      "Man kan identifiera messianska uppfyllelser utan att göra varje ‘Herren’-text till en teknisk väsen-definition.",
      "Versen används ofta i treenighetsdebatten. Här hjälper den oss att hålla oss till det som faktiskt står i texten, inte senare tolkningar.",
      "Den här versen hjälper oss att bygga en helhetsbild där bibeltexter tolkas med bibeltexter (jämför gärna parallellställen)."
    ],
    "notes": [
      "Fråga: Var säger versen att uppfyllelse måste betyda väsen-identitet och inte Guds handlande genom sin Messias?",
      "Tumregel: om tolkningen kräver ord som inte finns i texten (t.ex. ”tre personer i ett väsen”), kontrollera om sammanhanget verkligen stödjer det.",
      "Om du vill göra sidan ännu tydligare kan du länka till ett par parallellställen i samma tema (monoteism, Sonens underordning, Andens funktion).",
      "För treenighetsfrågor är det extra viktigt att skilja på: vad texten säger, och vad en senare teologisk modell vill att texten ska säga."
    ]
  },
  "relatedIds": [
    "rev-22-13",
    "rev-1-8",
    "phil-2-6-11"
  ]
}