{
  "id": "zech-12-10",
  "ref": "Sak 12:10",
  "short": "Representationsspråk görs till ontologisk identitet för att få in treenigheten.",
  "tags": [
    "GT",
    "mig",
    "genomborrade"
  ],
  "expanded": {
    "logic": [
      "Versen säger att folket ser upp till “mig” som de har genomborrat.",
      "Treenighetsläsning gör detta till direkt väsen-identitet: den genomborrade är Herren ontologiskt.",
      "Men profetiskt språk kan uttrycka Guds identifikation med sitt sändebud, utan att versen definierar väsen eller personsamband.",
      "Läs versen i sitt sammanhang. Den säger något konkret om Fadern, Sonen eller Anden, men formulerar inte en treenig gudom."
    ],
    "why": [
      "Poängen är metod: man hoppar från profetiskt identifikationsspråk till metafysik utan att texten ger steget.",
      "Versen används ofta i treenighetsdebatten. Här hjälper den oss att hålla oss till det som faktiskt står i texten, inte senare tolkningar.",
      "Den här versen hjälper oss att bygga en helhetsbild där bibeltexter tolkas med bibeltexter (jämför gärna parallellställen)."
    ],
    "notes": [
      "Fråga: Var i versen definieras att “mig” måste betyda ontologisk identitet och inte representation/identifikation?",
      "Tumregel: om tolkningen kräver ord som inte finns i texten (t.ex. ”tre personer i ett väsen”), kontrollera om sammanhanget verkligen stödjer det.",
      "Om du vill göra sidan ännu tydligare kan du länka till ett par parallellställen i samma tema (monoteism, Sonens underordning, Andens funktion).",
      "För treenighetsfrågor är det extra viktigt att skilja på: vad texten säger, och vad en senare teologisk modell vill att texten ska säga."
    ]
  },
  "relatedIds": [
    "john-20-28",
    "john-14-9",
    "rev-5"
  ]
}